1975,Week,Day,Date,,Winner/tie,,Loser/tie,PtsW,PtsL,YdsW,TOW,YdsL,TOL,
1975,1,Sun,September 21,boxscore,St. Louis Cardinals,,Atlanta Falcons,23,20,317,3,294,2,
1975,1,Sun,September 21,boxscore,Minnesota Vikings,,San Francisco 49ers,27,17,279,2,245,3,
1975,1,Sun,September 21,boxscore,Dallas Cowboys,,Los Angeles Rams,18,7,277,1,148,4,
1975,1,Sun,September 21,boxscore,Pittsburgh Steelers,@,San Diego Chargers,37,0,443,2,146,4,
1975,1,Sun,September 21,boxscore,Houston Oilers,@,New England Patriots,7,0,169,2,279,3,
1975,1,Sun,September 21,boxscore,Buffalo Bills,,New York Jets,42,14,361,0,261,5,
1975,1,Sun,September 21,boxscore,New York Giants,@,Philadelphia Eagles,23,14,336,1,363,3,
1975,1,Sun,September 21,boxscore,Washington Redskins,,New Orleans Saints,41,3,315,1,208,3,
1975,1,Sun,September 21,boxscore,Cincinnati Bengals,,Cleveland Browns,24,17,379,2,230,1,
1975,1,Sun,September 21,boxscore,Baltimore Colts,@,Chicago Bears,35,7,304,0,121,2,
1975,1,Sun,September 21,boxscore,Detroit Lions,@,Green Bay Packers,30,16,230,2,217,3,
1975,1,Sun,September 21,boxscore,Denver Broncos,,Kansas City Chiefs,37,33,425,4,312,2,
1975,1,Mon,September 22,boxscore,Oakland Raiders,@,Miami Dolphins,31,21,261,5,282,5,
1975,2,Sun,September 28,boxscore,Oakland Raiders,@,Baltimore Colts,31,20,286,3,329,1,
1975,2,Sun,September 28,boxscore,Houston Oilers,,San Diego Chargers,33,17,402,1,204,3,
1975,2,Sun,September 28,boxscore,New York Jets,@,Kansas City Chiefs,30,24,418,2,339,1,
1975,2,Sun,September 28,boxscore,Washington Redskins,,New York Giants,49,13,417,2,161,3,
1975,2,Sun,September 28,boxscore,Minnesota Vikings,@,Cleveland Browns,42,10,352,2,250,4,
1975,2,Sun,September 28,boxscore,Miami Dolphins,@,New England Patriots,22,14,257,3,187,4,
1975,2,Sun,September 28,boxscore,Chicago Bears,,Philadelphia Eagles,15,13,294,2,327,2,
1975,2,Sun,September 28,boxscore,Detroit Lions,@,Atlanta Falcons,17,14,357,1,250,2,
1975,2,Sun,September 28,boxscore,Dallas Cowboys,,St. Louis Cardinals,37,31,448,2,432,3,
1975,2,Sun,September 28,boxscore,Cincinnati Bengals,@,New Orleans Saints,21,0,294,2,189,2,
1975,2,Sun,September 28,boxscore,Buffalo Bills,@,Pittsburgh Steelers,30,21,434,1,353,5,
1975,2,Sun,September 28,boxscore,Los Angeles Rams,@,San Francisco 49ers,23,14,298,2,236,2,
1975,2,Mon,September 29,boxscore,Denver Broncos,,Green Bay Packers,23,13,337,2,313,3,
1975,3,Sun,October 5,boxscore,Philadelphia Eagles,,Washington Redskins,26,10,395,2,193,6,
1975,3,Sun,October 5,boxscore,San Francisco 49ers,@,Kansas City Chiefs,20,3,215,2,212,4,
1975,3,Sun,October 5,boxscore,Oakland Raiders,@,San Diego Chargers,6,0,264,2,93,2,
1975,3,Sun,October 5,boxscore,Pittsburgh Steelers,@,Cleveland Browns,42,6,501,0,221,2,
1975,3,Sun,October 5,boxscore,St. Louis Cardinals,,New York Giants,26,14,379,2,264,1,
1975,3,Sun,October 5,boxscore,New York Jets,,New England Patriots,36,7,380,1,320,5,
1975,3,Sun,October 5,boxscore,Atlanta Falcons,,New Orleans Saints,14,7,231,2,245,3,
1975,3,Sun,October 5,boxscore,Miami Dolphins,@,Green Bay Packers,31,7,414,0,205,0,
1975,3,Sun,October 5,boxscore,Buffalo Bills,,Denver Broncos,38,14,436,1,305,4,
1975,3,Sun,October 5,boxscore,Los Angeles Rams,,Baltimore Colts,24,13,424,2,239,3,
1975,3,Sun,October 5,boxscore,Cincinnati Bengals,@,Houston Oilers,21,19,262,2,176,5,
1975,3,Sun,October 5,boxscore,Minnesota Vikings,,Chicago Bears,28,3,355,2,192,2,
1975,3,Mon,October 6,boxscore,Dallas Cowboys,@,Detroit Lions,36,10,344,2,210,3,
1975,4,Sun,October 12,boxscore,Minnesota Vikings,,New York Jets,29,21,407,2,305,2,
1975,4,Sun,October 12,boxscore,Houston Oilers,@,Cleveland Browns,40,10,369,0,246,5,
1975,4,Sun,October 12,boxscore,Miami Dolphins,,Philadelphia Eagles,24,16,339,1,269,2,
1975,4,Sun,October 12,boxscore,Kansas City Chiefs,,Oakland Raiders,42,10,370,1,360,6,
1975,4,Sun,October 12,boxscore,Los Angeles Rams,@,San Diego Chargers,13,10,423,2,272,1,
1975,4,Sun,October 12,boxscore,Cincinnati Bengals,,New England Patriots,27,10,446,0,250,3,
1975,4,Sun,October 12,boxscore,New Orleans Saints,,Green Bay Packers,20,19,392,3,161,3,
1975,4,Sun,October 12,boxscore,Pittsburgh Steelers,,Denver Broncos,20,9,327,2,277,4,
1975,4,Sun,October 12,boxscore,Dallas Cowboys,@,New York Giants,13,7,262,1,173,5,
1975,4,Sun,October 12,boxscore,Detroit Lions,,Chicago Bears,27,7,320,1,238,5,
1975,4,Sun,October 12,boxscore,Buffalo Bills,@,Baltimore Colts,38,31,424,2,349,1,
1975,4,Sun,October 12,boxscore,Atlanta Falcons,@,San Francisco 49ers,17,3,235,0,338,5,
1975,4,Mon,October 13,boxscore,Washington Redskins,,St. Louis Cardinals,27,17,347,2,288,5,
1975,5,Sun,October 19,boxscore,Miami Dolphins,@,New York Jets,43,0,437,2,176,8,
1975,5,Sun,October 19,boxscore,San Francisco 49ers,,New Orleans Saints,35,21,267,5,241,5,
1975,5,Sun,October 19,boxscore,St. Louis Cardinals,,Philadelphia Eagles,31,20,403,4,250,3,
1975,5,Sun,October 19,boxscore,Cincinnati Bengals,,Oakland Raiders,14,10,184,5,279,4,
1975,5,Sun,October 19,boxscore,Houston Oilers,,Washington Redskins,13,10,228,1,255,3,
1975,5,Sun,October 19,boxscore,Kansas City Chiefs,@,San Diego Chargers,12,10,356,1,216,2,
1975,5,Sun,October 19,boxscore,Green Bay Packers,@,Dallas Cowboys,19,17,291,3,374,5,
1975,5,Sun,October 19,boxscore,Los Angeles Rams,,Atlanta Falcons,22,7,384,1,226,6,
1975,5,Sun,October 19,boxscore,Pittsburgh Steelers,,Chicago Bears,34,3,303,0,242,1,
1975,5,Sun,October 19,boxscore,Denver Broncos,,Cleveland Browns,16,15,325,6,271,2,
1975,5,Sun,October 19,boxscore,New England Patriots,,Baltimore Colts,21,10,282,2,130,3,
1975,5,Sun,October 19,boxscore,Minnesota Vikings,,Detroit Lions,25,19,279,3,290,3,
1975,5,Mon,October 20,boxscore,New York Giants,@,Buffalo Bills,17,14,349,3,309,3,
1975,6,Sat,October 25,boxscore,St. Louis Cardinals,@,New York Giants,20,13,314,0,281,4,
1975,6,Sun,October 26,boxscore,Washington Redskins,@,Cleveland Browns,23,7,395,1,200,4,
1975,6,Sun,October 26,boxscore,New England Patriots,,San Francisco 49ers,24,16,306,1,243,4,
1975,6,Sun,October 26,boxscore,Oakland Raiders,,San Diego Chargers,25,0,354,1,157,1,
1975,6,Sun,October 26,boxscore,Pittsburgh Steelers,@,Green Bay Packers,16,13,332,3,161,2,
1975,6,Sun,October 26,boxscore,Los Angeles Rams,,New Orleans Saints,38,14,341,0,173,3,
1975,6,Sun,October 26,boxscore,Miami Dolphins,@,Buffalo Bills,35,30,377,2,345,4,
1975,6,Sun,October 26,boxscore,Houston Oilers,,Detroit Lions,24,8,300,5,336,2,
1975,6,Sun,October 26,boxscore,Kansas City Chiefs,,Denver Broncos,26,13,303,1,352,4,
1975,6,Sun,October 26,boxscore,Dallas Cowboys,@,Philadelphia Eagles,20,17,378,1,267,1,
1975,6,Sun,October 26,boxscore,Baltimore Colts,@,New York Jets,45,28,400,0,341,3,
1975,6,Sun,October 26,boxscore,Cincinnati Bengals,@,Atlanta Falcons,21,14,300,2,306,7,
1975,6,Mon,October 27,boxscore,Minnesota Vikings,@,Chicago Bears,13,9,331,1,216,3,
1975,7,Sat,November 1,boxscore,New York Giants,,San Diego Chargers,35,24,348,2,349,1,
1975,7,Sun,November 2,boxscore,Buffalo Bills,@,New York Jets,24,23,435,3,366,1,
1975,7,Sun,November 2,boxscore,Minnesota Vikings,@,Green Bay Packers,28,17,367,2,245,3,
1975,7,Sun,November 2,boxscore,Oakland Raiders,@,Denver Broncos,42,17,328,4,327,3,
1975,7,Sun,November 2,boxscore,Pittsburgh Steelers,@,Cincinnati Bengals,30,24,369,4,367,3,
1975,7,Sun,November 2,boxscore,Houston Oilers,@,Kansas City Chiefs,17,13,325,2,345,4,
1975,7,Sun,November 2,boxscore,St. Louis Cardinals,,New England Patriots,24,17,273,3,274,3,
1975,7,Sun,November 2,boxscore,New Orleans Saints,,Atlanta Falcons,23,7,352,3,305,6,
1975,7,Sun,November 2,boxscore,Miami Dolphins,@,Chicago Bears,46,13,439,1,283,2,
1975,7,Sun,November 2,boxscore,Detroit Lions,@,San Francisco 49ers,28,17,286,0,296,3,
1975,7,Sun,November 2,boxscore,Washington Redskins,,Dallas Cowboys,30,24,403,6,385,3,
1975,7,Sun,November 2,boxscore,Baltimore Colts,,Cleveland Browns,21,7,228,1,278,2,
1975,7,Mon,November 3,boxscore,Los Angeles Rams,@,Philadelphia Eagles,42,3,415,0,265,4,
1975,8,Sun,November 9,boxscore,New England Patriots,@,San Diego Chargers,33,19,344,3,358,2,
1975,8,Sun,November 9,boxscore,Miami Dolphins,,New York Jets,27,7,342,2,269,2,
1975,8,Sun,November 9,boxscore,Pittsburgh Steelers,,Houston Oilers,24,17,352,2,298,3,
1975,8,Sun,November 9,boxscore,San Francisco 49ers,@,Los Angeles Rams,24,23,394,2,343,3,
1975,8,Sun,November 9,boxscore,Washington Redskins,@,New York Giants,21,13,377,4,273,1,
1975,8,Sun,November 9,boxscore,Oakland Raiders,,New Orleans Saints,48,10,523,4,140,5,
1975,8,Sun,November 9,boxscore,Minnesota Vikings,,Atlanta Falcons,38,0,279,0,60,8,
1975,8,Sun,November 9,boxscore,Chicago Bears,,Green Bay Packers,27,14,261,3,309,3,
1975,8,Sun,November 9,boxscore,St. Louis Cardinals,@,Philadelphia Eagles,24,23,361,2,326,2,
1975,8,Sun,November 9,boxscore,Baltimore Colts,@,Buffalo Bills,42,35,498,3,418,3,
1975,8,Sun,November 9,boxscore,Detroit Lions,,Cleveland Browns,21,10,282,2,200,1,
1975,8,Sun,November 9,boxscore,Cincinnati Bengals,@,Denver Broncos,17,16,344,1,305,2,
1975,8,Mon,November 10,boxscore,Kansas City Chiefs,@,Dallas Cowboys,34,31,296,3,436,7,
1975,9,Sun,November 16,boxscore,St. Louis Cardinals,,Washington Redskins,20,17,427,4,397,5,
1975,9,Sun,November 16,boxscore,Los Angeles Rams,@,Atlanta Falcons,16,7,331,2,205,2,
1975,9,Sun,November 16,boxscore,Philadelphia Eagles,@,New York Giants,13,10,294,1,210,3,
1975,9,Sun,November 16,boxscore,Baltimore Colts,,New York Jets,52,19,502,3,319,4,
1975,9,Sun,November 16,boxscore,Minnesota Vikings,@,New Orleans Saints,20,7,470,5,60,0,
1975,9,Sun,November 16,boxscore,Houston Oilers,,Miami Dolphins,20,19,239,0,350,2,
1975,9,Sun,November 16,boxscore,Pittsburgh Steelers,,Kansas City Chiefs,28,3,420,2,201,2,
1975,9,Sun,November 16,boxscore,Detroit Lions,,Green Bay Packers,13,10,270,3,277,2,
1975,9,Sun,November 16,boxscore,Denver Broncos,@,San Diego Chargers,27,17,337,2,307,2,
1975,9,Sun,November 16,boxscore,Dallas Cowboys,@,New England Patriots,34,31,336,2,324,4,
1975,9,Sun,November 16,boxscore,Oakland Raiders,,Cleveland Browns,38,17,427,1,230,4,
1975,9,Sun,November 16,boxscore,San Francisco 49ers,,Chicago Bears,31,3,335,3,200,2,
1975,9,Mon,November 17,boxscore,Cincinnati Bengals,,Buffalo Bills,33,24,553,1,335,2,
1975,10,Sun,November 23,boxscore,Green Bay Packers,,New York Giants,40,14,508,1,379,5,
1975,10,Sun,November 23,boxscore,Dallas Cowboys,,Philadelphia Eagles,27,17,351,2,327,2,
1975,10,Sun,November 23,boxscore,Oakland Raiders,@,Washington Redskins,26,23,406,5,337,2,
1975,10,Sun,November 23,boxscore,Minnesota Vikings,,San Diego Chargers,28,13,353,2,228,2,
1975,10,Sun,November 23,boxscore,San Francisco 49ers,@,New Orleans Saints,16,6,228,2,280,2,
1975,10,Sun,November 23,boxscore,Buffalo Bills,,New England Patriots,45,31,416,1,498,5,
1975,10,Sun,November 23,boxscore,Kansas City Chiefs,,Detroit Lions,24,21,420,2,366,2,
1975,10,Sun,November 23,boxscore,Los Angeles Rams,,Chicago Bears,38,10,340,1,216,3,
1975,10,Sun,November 23,boxscore,Cleveland Browns,,Cincinnati Bengals,35,23,439,2,402,3,
1975,10,Sun,November 23,boxscore,Baltimore Colts,@,Miami Dolphins,33,17,222,0,167,5,
1975,10,Sun,November 23,boxscore,St. Louis Cardinals,@,New York Jets,37,6,476,3,323,3,
1975,10,Sun,November 23,boxscore,Atlanta Falcons,,Denver Broncos,35,21,277,4,233,6,
1975,10,Mon,November 24,boxscore,Pittsburgh Steelers,@,Houston Oilers,32,9,367,5,257,4,
1975,11,Thu,November 27,boxscore,Buffalo Bills,@,St. Louis Cardinals,32,14,392,3,210,7,
1975,11,Thu,November 27,boxscore,Los Angeles Rams,@,Detroit Lions,20,0,320,1,214,2,
1975,11,Sun,November 30,boxscore,Denver Broncos,,San Diego Chargers,13,10,336,6,123,2,
1975,11,Sun,November 30,boxscore,Pittsburgh Steelers,@,New York Jets,20,7,326,0,270,4,
1975,11,Sun,November 30,boxscore,Cincinnati Bengals,,Houston Oilers,23,19,289,1,313,3,
1975,11,Sun,November 30,boxscore,Dallas Cowboys,,New York Giants,14,3,389,2,158,3,
1975,11,Sun,November 30,boxscore,Philadelphia Eagles,,San Francisco 49ers,27,17,277,2,405,7,
1975,11,Sun,November 30,boxscore,Cleveland Browns,,New Orleans Saints,17,16,249,1,237,0,
1975,11,Sun,November 30,boxscore,Washington Redskins,,Minnesota Vikings,31,30,373,0,508,0,
1975,11,Sun,November 30,boxscore,Baltimore Colts,,Kansas City Chiefs,28,14,423,1,329,2,
1975,11,Sun,November 30,boxscore,Green Bay Packers,,Chicago Bears,28,7,309,4,132,6,
1975,11,Sun,November 30,boxscore,Oakland Raiders,,Atlanta Falcons,37,34,534,3,320,1,
1975,11,Mon,December 1,boxscore,Miami Dolphins,,New England Patriots,20,7,328,1,244,1,
1975,12,Sun,December 7,boxscore,New York Jets,@,New England Patriots,30,28,361,1,424,5,
1975,12,Sun,December 7,boxscore,Houston Oilers,@,San Francisco 49ers,27,13,279,3,200,3,
1975,12,Sun,December 7,boxscore,Los Angeles Rams,@,New Orleans Saints,14,7,232,4,218,3,
1975,12,Sun,December 7,boxscore,San Diego Chargers,@,Kansas City Chiefs,28,20,412,4,232,3,
1975,12,Sun,December 7,boxscore,Washington Redskins,@,Atlanta Falcons,30,27,405,2,388,3,
1975,12,Sun,December 7,boxscore,Minnesota Vikings,,Green Bay Packers,24,3,387,0,122,3,
1975,12,Sun,December 7,boxscore,Chicago Bears,,Detroit Lions,25,21,313,4,345,3,
1975,12,Sun,December 7,boxscore,St. Louis Cardinals,,Dallas Cowboys,31,17,368,1,373,3,
1975,12,Sun,December 7,boxscore,Baltimore Colts,@,New York Giants,21,0,223,0,226,4,
1975,12,Sun,December 7,boxscore,Pittsburgh Steelers,,Cleveland Browns,31,17,258,2,237,4,
1975,12,Sun,December 7,boxscore,Cincinnati Bengals,@,Philadelphia Eagles,31,0,484,6,225,5,
1975,12,Sun,December 7,boxscore,Miami Dolphins,,Buffalo Bills,31,21,296,0,385,2,
1975,12,Mon,December 8,boxscore,Oakland Raiders,,Denver Broncos,17,10,178,3,254,4,
1975,13,Sat,December 13,boxscore,Pittsburgh Steelers,,Cincinnati Bengals,35,14,319,1,317,2,
1975,13,Sat,December 13,boxscore,Dallas Cowboys,,Washington Redskins,31,10,343,2,222,4,
1975,13,Sun,December 14,boxscore,Atlanta Falcons,,San Francisco 49ers,31,9,462,0,406,2,
1975,13,Sun,December 14,boxscore,Denver Broncos,,Philadelphia Eagles,25,10,369,1,284,5,
1975,13,Sun,December 14,boxscore,Houston Oilers,@,Oakland Raiders,27,26,260,3,377,6,
1975,13,Sun,December 14,boxscore,New York Giants,,New Orleans Saints,28,14,243,1,255,3,
1975,13,Sun,December 14,boxscore,Detroit Lions,,Minnesota Vikings,17,10,258,4,201,3,
1975,13,Sun,December 14,boxscore,Baltimore Colts,,Miami Dolphins,10,7,352,0,278,2,
1975,13,Sun,December 14,boxscore,Cleveland Browns,,Kansas City Chiefs,40,14,481,3,146,4,
1975,13,Sun,December 14,boxscore,Los Angeles Rams,,Green Bay Packers,22,5,334,2,170,4,
1975,13,Sun,December 14,boxscore,St. Louis Cardinals,@,Chicago Bears,34,20,362,1,326,2,
1975,13,Sun,December 14,boxscore,Buffalo Bills,@,New England Patriots,34,14,468,4,271,6,
1975,13,Mon,December 15,boxscore,San Diego Chargers,,New York Jets,24,16,358,0,321,3,
1975,14,Sat,December 20,boxscore,Miami Dolphins,,Denver Broncos,14,13,203,0,352,0,
1975,14,Sat,December 20,boxscore,Los Angeles Rams,,Pittsburgh Steelers,10,3,233,1,217,4,
1975,14,Sat,December 20,boxscore,Minnesota Vikings,@,Buffalo Bills,35,13,387,2,309,5,
1975,14,Sun,December 21,boxscore,Philadelphia Eagles,@,Washington Redskins,26,3,273,1,233,8,
1975,14,Sun,December 21,boxscore,New York Giants,@,San Francisco 49ers,26,23,328,1,350,1,
1975,14,Sun,December 21,boxscore,Baltimore Colts,,New England Patriots,34,21,299,2,280,5,
1975,14,Sun,December 21,boxscore,Cincinnati Bengals,,San Diego Chargers,47,17,439,4,188,3,
1975,14,Sun,December 21,boxscore,Oakland Raiders,,Kansas City Chiefs,28,20,387,1,346,4,
1975,14,Sun,December 21,boxscore,Dallas Cowboys,@,New York Jets,31,21,329,2,120,2,
1975,14,Sun,December 21,boxscore,St. Louis Cardinals,@,Detroit Lions,24,13,345,1,300,2,
1975,14,Sun,December 21,boxscore,Houston Oilers,,Cleveland Browns,21,10,322,2,275,2,
1975,14,Sun,December 21,boxscore,Chicago Bears,@,New Orleans Saints,42,17,458,3,197,5,
1975,14,Sun,December 21,boxscore,Green Bay Packers,,Atlanta Falcons,22,13,331,4,302,5,
1975,,,Playoffs,,,,,,,,,,,
1975,Division,Sat,December 27,boxscore,Pittsburgh Steelers,,Baltimore Colts,28,10,287,5,154,3,
1975,Division,Sat,December 27,boxscore,Los Angeles Rams,,St. Louis Cardinals,35,23,440,3,363,5,
1975,Division,Sun,December 28,boxscore,Dallas Cowboys,@,Minnesota Vikings,17,14,356,1,215,1,
1975,Division,Sun,December 28,boxscore,Oakland Raiders,,Cincinnati Bengals,31,28,358,2,258,0,
1975,ConfChamp,Sun,January 4,boxscore,Dallas Cowboys,@,Los Angeles Rams,37,7,441,1,118,3,
1975,ConfChamp,Sun,January 4,boxscore,Pittsburgh Steelers,,Oakland Raiders,16,10,332,7,321,5,
1975,SuperBowl,Sun,January 18,boxscore,Pittsburgh Steelers,N,Dallas Cowboys,21,17,339,0,270,3,
