year,name,position,heightfeet,heightinches,heightinchestotal,weight,fortyyd,twentyss,threecone,vertical,broad,bench,college,nflgrade,Pick,Tm,Name,Pos,Age,To,G,College/Univ,PICK,TEAM,PLAYER,POS,COLLEGE,YRS,DOLLARS,S.BONUS,G'TEED,2015 CAP HIT
2015,Ameer Abdullah,RB,5,9,69,205,4.6,3.95,6.79,42.5,130,24,Nebraska,5.9,54,DET,Ameer Abdullah,RB,22,2015,12,Nebraska,54,DET,Ameer Abdullah,RB,Nebraska,4,"$4,156,126","$1,282,637","$1,856,552","$755,659"
2015,Nelson Agholor,WR,6,0,72,198,4.42,0,0,0,0,12,USC,5.6,20,PHI,Nelson Agholor,WR,22,2015,9,USC,20,PHI,Nelson Agholor,WR,Southern California,4,"$9,377,374","$5,079,908","$8,520,507","$1,704,977"
2015,Jay Ajayi,RB,6,0,72,221,4.57,4.1,7.1,39,121,19,Boise St.,6,149,MIA,Jay Ajayi,RB,22,2015,5,Boise St.,149,MIAfrom MIN,Jay Ajayi,RB,Boise State,4,"$2,500,813","$220,813","$220,813","$490,203"
2015,Kwon Alexander,OLB,6,1,73,227,4.55,4.2,7.14,36,121,24,LSU,5.4,124,TAM,Kwon Alexander,OLB,21,2015,12,LSU,124,"TBfrom CAR 
via OAK",Kwon Alexander,OLB,Louisiana State,4,"$2,758,322","$478,322","$478,322","$554,580"
2015,Mario Alford,WR,5,8,68,180,4.43,4.07,6.64,34,121,13,West Virginia,5.3,238,CIN,Mario Alford,WR,23,2015,1,West Virginia,238,CIN,Mario Alford,WR,West Virginia,4,"$2,339,104","$59,104","$59,104","$449,776"
2015,Javorius Allen,RB,6,0,72,221,4.53,4.28,6.96,35.5,121,11,USC,5.3,125,BAL,Javorius Allen,RB,24,2015,12,USC,125,BAL,Javorius Allen,RB,Southern California,4,"$2,754,471","$474,471","$474,471","$553,618"
2015,Adrian Amos,FS,6,0,72,218,4.56,4.03,7.09,35.5,122,0,Penn St.,5.5,142,CHI,Adrian Amos,FS,22,2015,12,Penn St.,142,CHIfrom NYJ,Adrian Amos,FS,Penn State,4,"$2,512,280","$232,280","$232,280","$493,070"
2015,Henry Anderson,DE,6,6,78,294,5.03,4.19,7.2,30,111,0,Stanford,5.6,93,IND,Henry Anderson,DE,24,2015,9,Stanford,93,IND,Henry Anderson,DE,Stanford,4,"$2,994,464","$613,676","$613,676","$588,419"
2015,Stephone Anthony,ILB,6,3,75,243,4.56,4.03,7.07,37,122,23,Clemson,5.4,31,NOR,Stephone Anthony,ILB,23,2015,12,Clemson,31,NOfrom SEA,Stephone Anthony,OLB,Clemson,4,"$7,731,716","$3,883,066","$6,242,392","$1,405,766"
2015,Arik Armstead,DT,6,7,79,292,5.1,4.53,7.57,34,117,24,Oregon,6.2,17,SFO,Arik Armstead,DT,21,2015,12,Oregon,17,SFfrom SD,Arik Armstead,DE,Oregon,4,"$9,842,630","$5,418,276","$9,842,630","$1,789,569"
2015,Cameron Artis-Payne,RB,5,10,70,212,4.53,0,7.13,36.5,118,0,Auburn,5.4,174,CAR,Cameron Artis-Payne,RB,25,2015,4,Auburn,174 (C),CAR,Cameron Artis-Payne,RB,Auburn,4,"$2,446,254","$166,254","$166,254","$476,563"
2015,Neiron Ball,OLB,6,2,74,236,0,0,0,0,0,22,Florida,4.9,161,OAK,Neiron Ball,OLB,23,2015,6,Florida,161,OAKfrom CAR,Neiron Ball,OLB,Florida,4,"$2,485,324","$205,324","$205,324","$486,331"
2015,Vic Beasley,OLB,6,3,75,246,4.53,4.15,6.91,41,130,35,Clemson,6.1,8,ATL,Vic Beasley,OLB,23,2015,12,Clemson,8,ATL,Vic Beasley,OLB,Clemson,4,"$14,495,228","$8,801,984","$14,495,228","$2,635,496"
2015,Blake Bell,TE,6,6,78,252,4.8,4.32,0,33,116,14,Oklahoma,5.2,117,SFO,Blake Bell,TE,24,2015,10,Oklahoma,117,SFfrom SD,Blake Bell,TE,Oklahoma,4,"$2,785,132","$505,132","$505,132","$561,283"
2015,Kenny Bell,WR,6,1,73,197,4.42,4.15,6.66,41.5,129,7,Nebraska,5.4,162,TAM,Kenny Bell,WR,23,,,Nebraska,162,TBfrom BAL,Kenny Bell,WR,Nebraska,4,"$2,484,836","$204,836","$204,836","$486,209"
2015,Michael Bennett,DT,6,2,74,293,0,0,0,0,0,0,Ohio St.,6,180,JAX,Michael Bennett,DT,22,2015,9,Ohio St.,180,JAC,Michael Bennett,DT,Ohio State,4,"$2,418,698","$138,698","$138,698","$469,674"
2015,Angelo Blackson,DT,6,4,76,318,5.02,4.57,7.5,31,101,20,Auburn,5,100,TEN,Angelo Blackson,DT,22,2015,12,Auburn,100,TEN,Angelo Blackson,DT,Auburn,4,"$2,851,615","$571,615","$571,615","$577,903"
2015,Nick Boyle,TE,6,4,76,268,5.04,4.23,0,30.5,112,20,Delaware,5.2,171,BAL,Nick Boyle,TE,22,2015,11,Delaware,171 (C),BAL,Nick Boyle,TE,Delaware,4,"$2,446,254","$166,254","$166,254","$476,563"
2015,Da'Ron Brown,WR,6,0,72,205,4.54,4.11,7.04,37,120,17,Northern Illinois,4.9,233,KAN,Da'Ron Brown,WR,23,,,Northern Illinois,233,KC,Da'Ron Brown,WR,Northern Illinois,4,"$2,375,056","$68,056","$68,056","$452,014"
2015,Jamon Brown,OT,6,4,76,323,0,0,0,0,0,0,Louisville,5.3,72,STL,Jamon Brown,T,22,2015,9,Louisville,72,STL,Jamon Brown,G,Louisville,4,"$3,243,261","$754,816","$754,816","$623,704"
2015,Trenton Brown,OG,6,8,80,355,5.29,4.78,8.23,23.5,97,20,Florida,5.3,244,SFO,Trenton Brown,G,22,2015,3,Florida,244,"SFfrom DAL 
via IND",Trenton Brown,G,Florida,4,"$2,335,893","$55,893","$55,893","$448,973"
2015,Michael Burton,FB,5,11,71,242,4.74,4.34,7.2,33,115,25,Rutgers,4.8,168,DET,Michael Burton,FB,23,2015,12,Rutgers,168,"DETfrom NE 
via TB",Michael Burton,FB,Rutgers,4,"$2,464,356","$184,356","$184,356","$481,089"
2015,Ibraheim Campbell,SS,5,11,71,208,0,0,0,0,0,23,Northwestern,5.2,115,CLE,Ibraheim Campbell,SS,23,2015,11,Northwestern,115,CLEfrom BUF,Ibraheim Campbell,SS,Northwestern,4,"$2,792,010","$512,010","$512,010","$563,002"
2015,A.J. Cann,OG,6,3,75,313,0,0,0,0,0,26,South Carolina,6,67,JAX,A.J. Cann,G,23,2015,10,South Carolina,67,JAC,A.J. Cann,G,South Carolina,4,"$3,372,698","$801,596","$801,596","$635,399"
2015,Joe Cardona,LS,6,2,74,242,4.91,0,0,33,0,30,Navy,0,166,NWE,Joe Cardona,LS,23,2015,12,Navy,166,NEfrom GB,Joe Cardona,LS,Navy,4,"$2,480,000","$100,000","$100,000","$477,500"
2015,Alex Carter,CB,6,0,72,196,4.51,4.07,7.05,40,121,17,Stanford,5.5,80,DET,Alex Carter,CB,20,,,Stanford,80,"DETfrom KC 
via MIN",Alex Carter,CB,Stanford,4,"$3,058,747","$688,747","$688,747","$607,186"
2015,Anthony Chickillo,DE,6,3,75,267,4.79,4.25,7.17,34.5,114,27,Miami,5.1,212,PIT,Anthony Chickillo,DE,22,2015,6,Miami (FL),212 (C),PIT,Anthony Chickillo,DE,Miami (FL),4,"$2,370,487","$90,487","$90,487","$457,621"
2015,Gerald Christian,TE,6,3,75,244,4.87,4.7,0,0,0,28,Louisville,5.3,256,ARI,Gerald Christian,TE,24,,,Louisville,256 (C),ARI,Gerald Christian,TE,Louisville,4,"$2,332,783","$52,783","$52,783","$448,195"
2015,Frank Clark,DE,6,3,75,271,4.79,4.05,7.08,38.5,118,19,Michigan,4.8,63,SEA,Frank Clark,DE,22,2015,11,Michigan,63,SEA,Frank Clark,DE,Michigan,4,"$3,732,225","$974,346","$1,214,346","$678,586"
2015,Kaelin Clay,WR,5,10,70,195,4.51,4.26,6.97,33,113,10,Utah,5.1,184,TAM,Kaelin Clay,WR,23,2015,3,Utah,184,TBfrom STL,Kaelin Clay,WR,Utah,4,"$2,410,477","$130,477","$130,477","$467,619"
2015,T.J. Clemmings,OT,6,5,77,309,5.14,4.54,7.68,32.5,111,22,Pittsburgh,6.1,110,MIN,T.J. Clemmings,T,23,2015,12,Pittsburgh,110,MIN,T.J. Clemmings,T,Pittsburgh,4,"$2,804,955","$524,955","$524,955","$566,238"
2015,Sammie Coates,WR,6,1,73,212,4.43,4.06,6.98,41,131,23,Auburn,5.6,87,PIT,Sammie Coates,WR,22,2015,7,Auburn,87,PIT,Sammie Coates,WR,Auburn,4,"$3,000,334","$631,515","$631,515","$592,878"
2015,David Cobb,RB,5,11,71,229,4.81,0,0,38.5,121,17,Minnesota,5.5,138,TEN,David Cobb,RB,22,2015,3,Minnesota,138,TEN,David Cobb,RB,Minnesota,4,"$2,525,668","$245,668","$245,668","$496,417"
2015,Tevin Coleman,RB,5,11,71,206,0,0,0,0,0,22,Indiana,6.1,73,ATL,Tevin Coleman,RB,22,2015,10,Indiana,73,ATL,Tevin Coleman,RB,Indiana,4,"$3,219,372","$745,244","$745,244","$621,311"
2015,Jalen Collins,CB,6,1,73,203,4.48,4.27,6.77,36,124,0,LSU,6.1,42,ATL,Jalen Collins,CB,22,2015,12,LSU,42,ATL,Jalen Collins,CB,Louisiana State,4,"$5,427,834","$2,207,516","$2,889,236","$986,879"
2015,Landon Collins,SS,6,0,72,228,4.53,4.33,7.38,35,120,0,Alabama,6.4,33,NYG,Landon Collins,SS,21,2015,12,Alabama,33,NYGfrom TEN,Landon Collins,FS,Alabama,4,"$6,120,557","$2,711,314",-,"$1,112,828"
2015,Chris Conley,WR,6,2,74,213,4.35,4.3,7.06,45,139,18,Georgia,5.5,76,KAN,Chris Conley,WR,22,2015,12,Georgia,76,KCfrom MIN,Chris Conley,WR,Georgia,4,"$3,123,684","$712,434","$712,434","$613,108"
2015,Amari Cooper,WR,6,1,73,211,4.42,3.98,6.71,33,120,0,Alabama,7,4,OAK,Amari Cooper,WR,21,2015,12,Alabama,4,OAK,Amari Cooper,WR,Alabama,4,"$22,663,116","$14,742,266","$22,663,116","$4,120,566"
2015,Xavier Cooper,DT,6,3,75,293,4.86,4.37,7.23,29,110,29,Washington St.,5.4,96,CLE,Xavier Cooper,DT,23,2015,10,Washington St.,96,CLEfrom NE,Xavier Cooper,DT,Washington State,4,"$2,907,284","$592,284","$592,284","$583,071"
2015,Christian Covington,DT,6,2,74,289,0,0,0,0,0,0,Rice,5.4,216,HOU,Christian Covington,DT,21,2015,12,Rice,216 (C),HOU,Christian Covington,DT,Rice,4,"$2,370,487","$90,487","$90,487","$457,621"
2015,Jamison Crowder,WR,5,8,68,185,4.56,4.32,7.17,37,115,10,Duke,5.4,105,WAS,Jamison Crowder,WR,22,2015,12,Duke,105,WAS,Jamison Crowder,WR,Duke,4,"$2,825,624","$545,624","$545,624","$571,406"
2015,Ronald Darby,CB,5,11,71,193,4.38,4.14,6.94,41.5,129,12,Florida St.,5.6,50,BUF,Ronald Darby,CB,21,2015,12,Florida St.,50,BUF,Ronald Darby,CB,Florida State,4,"$4,569,691","$1,583,412","$2,176,125","$830,853"
2015,Carl Davis,DT,6,5,77,320,5.07,4.47,7.91,33,103,0,Iowa,5.9,90,BAL,Carl Davis,DT,23,2015,10,Iowa,90,BAL,Carl Davis,DT,Iowa,4,"$3,074,609","$625,084","$625,084","$591,271"
2015,Geremy Davis,WR,6,2,74,216,0,4.18,6.86,36.5,124,23,Connecticut,4.8,186,NYG,Geremy Davis,WR,23,2015,10,Connecticut,186,NYG,Geremy Davis,WR,Connecticut,4,"$2,407,082","$127,082","$127,082","$466,770"
2015,Mike Davis,RB,5,9,69,217,4.61,4.18,7,34,116,17,South Carolina,5.4,126,SFO,Mike Davis,RB,22,2015,5,South Carolina,126,SFfrom DEN,Mike Davis,RB,South Carolina,4,"$2,748,781","$468,781","$468,781","$552,195"
2015,Tyeler Davison,DT,6,2,74,316,5.18,4.46,7.53,33,105,32,Fresno St.,5.5,154,NOR,Tyeler Davison,DT,23,2015,12,Fresno St.,154,NOfrom KC,Tyeler Davison,DT,Fresno State,4,"$2,497,225","$217,225","$217,225","$489,306"
2015,Paul Dawson,ILB,6,0,72,235,4.93,4.49,0,28,109,21,TCU,6,99,CIN,Paul Dawson,ILB,22,2015,8,TCU,99 (C),CIN,Paul Dawson,LB,Texas Christian,4,"$2,952,710","$581,952","$581,952","$580,488"
2015,A.J. Derby,TE,6,4,76,255,0,0,0,0,0,15,Arkansas,5.3,202,NWE,A.J. Derby,TE,24,,,Arkansas,202,"NEfrom BAL 
via CLE",A.J. Derby,TE,Arkansas,4,"$2,392,053","$112,053","$112,053","$346,013"
2015,Xzavier Dickson,OLB,6,3,75,260,4.74,4.53,7.56,29.5,100,19,Alabama,5.1,253,NWE,Xzavier Dickson,OLB,,,,Alabama,253 (C),NE,Xzavier Dickson,OLB,Alabama,4,"$2,332,783","$52,783","$52,783","$448,195"
2015,Quandre Diggs,CB,5,9,69,196,4.56,4.15,7.22,35.5,113,17,Texas,5.2,200,DET,Quandre Diggs,CB,23,2015,12,Texas,200,DET,Quandre Diggs,CB,Texas,4,"$2,395,352","$115,352","$115,352","$463,838"
2015,Stefon Diggs,WR,6,0,72,195,4.46,4.32,7.03,35,115,0,Maryland,5.6,146,MIN,Stefon Diggs,WR,21,2015,9,Maryland,146,MINfrom ATL,Stefon Diggs,WR,Maryland,4,"$2,507,713","$227,713","$227,713","$491,928"
2015,Andrew Donnal,OT,6,6,78,313,5.31,4.77,7.84,32,101,17,Iowa,5.4,119,STL,Andrew Donnal,T,23,2015,5,Iowa,119,STLfrom PHI,Andrew Donnal,T,Iowa,4,"$2,776,935","$496,935","$496,935","$559,233"
2015,Phillip Dorsett,WR,5,10,70,185,4.33,4.11,6.7,37,122,13,Miami,5.7,29,IND,Phillip Dorsett,WR,22,2015,7,Miami (FL),29,IND,Phillip Dorsett,WR,Miami (FL),4,"$8,135,414","$4,176,665","$6,591,040","$1,479,166"
2015,Lorenzo Doss,CB,5,10,70,182,4.5,4.26,7.2,33.5,115,9,Tulane,5.6,164,DEN,Lorenzo Doss,CB,21,2015,4,Tulane,164,DEN,Lorenzo Doss,CB,Tulane,4,"$2,477,213","$197,213","$197,213","$484,303"
2015,Jamil Douglas,OG,6,4,76,304,5.25,4.75,7.99,29,99,28,Arizona State,5.2,114,MIA,Jamil Douglas,G,23,2015,12,Arizona St.,114,MIA,Jamil Douglas,G,Arizona State,4,"$2,798,565","$518,565","$518,565","$564,641"
2015,B.J. Dubose,OLB,6,4,76,284,5.06,0,0,0,0,26,Louisville,5.2,193,MIN,B.J. Dubose,DE,23,,,Louisville,193,MINfrom KC,B.J. Dubose,DE,Louisville,4,"$2,399,860","$119,860","$119,860","$464,965"
2015,Bud Dupree,OLB,6,4,76,269,4.56,0,0,42,138,0,Kentucky,5.9,22,PIT,Bud Dupree,OLB,22,2015,12,Kentucky,22,PIT,Bud Dupree,OLB,Kentucky,4,"$9,222,282","$4,967,114","$8,631,999","$1,676,778"
2015,Mario Edwards, DT,6,3,75,279,4.84,4.55,7.44,32.5,120,32,Florida St.,5.6,35,OAK,Mario Edwards,DT,21,2015,12,Florida St.,35,OAK,Mario Edwards,DE,Florida State,4,"$6,017,162","$2,636,118",-,"$1,094,029"
2015,Ifo Ekpre-Olomu,CB,5,9,69,192,0,0,0,0,0,0,Oregon,5.6,241,CLE,Ifo Ekpre-Olomu,CB,22,,,Oregon,241,CLEfrom ARI,Ifo Ekpre-Olomu,CB,Oregon,4,"$2,337,301","$57,301","$57,301","$449,325"
2015,Kyle Emanuel,OLB,6,3,75,255,4.77,4.25,7.1,34,120,27,North Dakota St.,5.5,153,SDG,Kyle Emanuel,OLB,24,2015,12,North Dakota St.,153,SD,Kyle Emanuel,OLB,North Dakota State,4,"$2,498,572","$218,572","$218,572","$489,643"
2015,Cameron Erving,C,6,5,77,313,5.15,4.63,7.48,30.5,112,30,Florida St.,5.8,19,CLE,Cameron Erving,C,23,2015,12,Florida St.,19,CLEfrom BUF,Cameron Erving,C,Florida State,4,"$9,429,065","$5,117,502","$9,429,065","$1,714,375"
2015,Tayo Fabuluje,OG,6,6,78,353,5.55,4.77,0,29.5,0,0,TCU,5.3,183,CHI,Tayo Fabuluje,T,24,2015,4,TCU,183,CHI,Tayo Fabuluje,T,Texas Christian,4,"$2,411,364","$131,364","$131,364","$467,841"
2015,Jon Feliciano,OG,6,4,76,323,5.33,4.74,0,26.5,97,0,Miami,4.8,128,OAK,Jon Feliciano,G,23,2015,3,Miami (FL),128,"OAKfrom IND 
via TB",Jon Feliciano,G,Miami (FL),4,"$2,740,652","$460,652","$460,652","$550,163"
2015,Jake Fisher,OT,6,6,78,306,5.01,4.33,7.25,32.5,0,25,Oregon,5.7,53,CIN,Jake Fisher,T,22,2015,12,Oregon,53,CIN,Jake Fisher,LT,Oregon,4,"$4,259,520","$1,357,833","$1,986,448","$774,458"
2015,Ereck Flowers,OT,6,6,78,329,5.31,0,0,0,0,37,Miami,6,9,NYG,Ereck Flowers,T,21,2015,11,Miami (FL),9,NYG,Ereck Flowers,LT,Miami (FL),4,"$14,391,719","$8,726,705","$14,391,719","$2,616,676"
2015,Trey Flowers,DE,6,2,74,266,4.93,4.4,7.34,36.5,121,28,Arkansas,5.6,101,NWE,Trey Flowers,DE,22,2015,1,Arkansas,101,NEfrom TB,Trey Flowers,DE,Arkansas,4,"$2,838,932","$558,932","$558,932","$574,733"
2015,Jalston Fowler,FB,5,11,71,254,4.94,4.4,7.56,33.5,114,23,Alabama,5.1,108,TEN,Jalston Fowler,FB,25,2015,12,Alabama,108,TENfrom NYG,Jalston Fowler,FB,Alabama,4,"$2,817,716","$537,716","$537,716","$569,429"
2015,Devin Funchess,WR,6,4,76,232,4.7,0,0,38.5,122,17,Michigan,5.6,41,CAR,Devin Funchess,TE,21,2015,12,Michigan,41,CARfrom STL,Devin Funchess,WR,Michigan,4,"$5,520,887","$2,275,190","$2,961,140","$1,003,797"
2015,Charles Gaines,CB,5,10,70,180,4.44,4.2,7.07,34.5,123,0,Louisville,5.5,189,CLE,Charles Gaines,CB,22,2015,3,Louisville,189,CLE,Charles Gaines,CB,Louisville,4,"$2,402,137","$122,137","$122,137","$465,534"
2015,Andy Gallik,C,6,2,74,306,5.5,4.58,7.66,27,96,29,Boston College,5.5,208,TEN,Andy Gallik,C,24,2015,9,Boston Col.,208,TENfrom NE,Andy Gallik,C,Boston College,4,"$2,381,473","$101,473","$101,473","$460,368"
2015,Max Garcia,C,6,4,76,309,0,0,0,0,0,0,Florida,5.2,133,DEN,Max Garcia,C,,2015,11,Florida,133 (C),DEN,Max Garcia,G,Florida,4,"$2,625,692","$345,692","$345,692","$521,423"
2015,Clayton Geathers,SS,6,2,74,218,4.55,4.27,7.21,37,120,22,Central Florida,5.2,109,IND,Clayton Geathers,SS,23,2015,11,Central Florida,109,"INDfrom STL 
via TB",Clayton Geathers,FS,Central Florida,4,"$2,813,930","$533,930","$533,930","$568,482"
2015,Laurence Gibson,OT,6,6,78,305,5.04,4.56,7.72,33.5,113,24,Virginia Tech,4.9,243,DAL,Laurence Gibson,T,24,,,Virginia Tech,243,DALfrom BAL,Laurence Gibson,T,Virginia Tech,4,"$2,336,353","$56,353","$56,353","$449,088"
2015,Mark Glowinski,OG,6,4,76,307,5.2,4.58,7.56,29.5,113,31,West Virginia,5.4,134,SEA,Mark Glowinski,G,23,2015,5,West Virginia,134 (C),SEA,Mark Glowinski,G,West Virginia,4,"$2,625,692","$345,692","$345,692","$521,423"
2015,Markus Golden,DE,6,2,74,260,4.9,0,0,0,0,0,Missouri,5.5,58,ARI,Markus Golden,DE,24,2015,12,Missouri,58,ARIfrom BAL,Markus Golden,OLB,Missouri,4,"$3,918,330","$1,109,695","$1,722,802","$712,424"
2015,Eddie Goldman,DT,6,4,76,336,0,0,0,0,0,0,Florida St.,6.1,39,CHI,Eddie Goldman,DT,21,2015,12,Florida St.,39,CHI,Eddie Goldman,DT,Florida State,4,"$5,686,314","$2,395,501","$3,088,970","$1,033,875"
2015,Senquez Golson,CB,5,9,69,176,4.46,4.2,6.81,33.5,120,15,Mississippi,5.8,56,PIT,Senquez Golson,CB,22,,,Mississippi,56,PIT,Senquez Golson,CB,Mississippi,4,"$4,001,041","$1,169,848","$1,786,713","$727,462"
2015,Melvin Gordon,RB,6,1,73,215,4.52,4.07,7.04,35,126,19,Wisconsin,6.2,15,SDG,Melvin Gordon,RB,22,2015,12,Wisconsin,15,SDfrom SF,Melvin Gordon,RB,Wisconsin,4,"$10,669,773","$6,019,835","$10,669,773","$1,939,958"
2015,Doran Grant,CB,5,10,70,200,4.44,4.33,0,33,116,21,Ohio St.,5.3,121,PIT,Doran Grant,CB,22,,,Ohio St.,121,PIT,Doran Grant,CB,Ohio State,4,"$2,769,013","$489,013","$489,013","$557,253"
2015,Hroniss Grasu,C,6,3,75,297,0,0,0,0,0,0,Oregon,5.7,71,CHI,Hroniss Grasu,C,24,2015,5,Oregon,71,CHI,Hroniss Grasu,C,Oregon,4,"$3,258,919","$761,919","$761,919","$625,479"
2015,Garrett Grayson,QB,6,2,74,213,0,0,0,0,0,0,Colorado St.,5.4,75,NOR,Garrett Grayson,QB,24,2015,1,Colorado St.,75,NO,Garrett Grayson,QB,Colorado State,4,"$3,400,605","$733,167","$733,167","$618,291"
2015,Chaz Green,OT,6,5,77,314,5.16,4.7,8,29.5,106,21,Florida,5.1,91,DAL,Chaz Green,T,23,,,Florida,91,DAL,Chaz Green,T,Florida,4,"$2,951,326","$624,371","$624,371","$591,092"
2015,Dorial Green-Beckham,WR,6,5,77,237,4.49,4.45,6.89,33.5,119,13,Missouri,5.7,40,TEN,Dorial Green-Beckham,WR,22,2015,12,Oklahoma,40,TENfrom NYG,Dorial Green-Beckham,WR,Missouri,4,"$5,603,597","$2,335,344","$3,025,053","$1,018,836"
2015,Rashad Greene,WR,5,11,71,182,4.53,4.12,6.88,36.5,122,0,Florida St.,5.7,139,JAX,Rashad Greene,WR,23,2015,5,Florida St.,139,JAC,Rashad Greene,WR,Florida State,4,"$2,523,814","$243,814","$243,814","$495,953"
2015,Randy Gregory,OLB,6,5,77,235,4.64,0,0,36.5,125,24,Nebraska,6.4,60,DAL,Randy Gregory,OLB,22,2015,8,Nebraska,60,DAL,Randy Gregory,OLB,Nebraska,4,"$3,814,936","$1,034,499","$1,404,499","$693,624"
2015,Todd Gurley,RB,6,1,73,222,0,0,0,0,0,17,Georgia,6.3,10,STL,Todd Gurley,RB,21,2015,10,Georgia,10,STL,Todd Gurley,RB,Georgia,4,"$13,823,183","$8,313,224","$9,376,550","$2,513,306"
2015,Obum Gwacham,DE,6,5,77,246,4.72,4.28,7.28,36,121,22,Oregon St.,5.2,209,SEA,Obum Gwacham,DE,24,2015,5,Oregon St.,209 (C),SEA,Obum Gwacham,DE,Oregon State,4,"$2,370,487","$90,487","$90,487","$457,621"
2015,Bryce Hager,ILB,6,1,73,234,4.6,4.36,7.15,35,117,26,Baylor,5.1,224,STL,Bryce Hager,ILB,23,2015,12,Baylor,224,"STLfrom CHI 
via NYJ",Bryce Hager,ILB,Baylor,4,"$2,352,141","$72,141","$72,141","$453,035"
2015,Marcus Hardison,DE,6,3,75,307,0,0,0,0,0,27,Arizona State,5.6,135,CIN,Marcus Hardison,DE,23,,,Arizona St.,135 (C),CIN,Marcus Hardison,DE,Arizona State,4,"$2,625,692","$345,692","$345,692","$521,423"
2015,Justin Hardy,WR,5,10,70,192,4.56,4.21,6.63,36.5,114,11,East Carolina,5.4,107,ATL,Justin Hardy,WR,23,2015,5,East Carolina,107,ATL,Justin Hardy,WR,East Carolina,4,"$2,820,821","$540,821","$540,821","$570,205"
2015,Eli Harold,OLB,6,3,75,247,4.6,4.16,7.07,35,123,0,Virginia,5.9,79,SFO,Eli Harold,OLB,21,2015,12,Virginia,79,SF,Eli Harold,LB,Virginia,4,"$3,168,585","$697,373","$697,373","$624,343"
2015,Jarvis Harrison,OG,6,4,76,330,5.19,4.62,7.51,29.5,102,26,Texas A&M,5.7,152,NYJ,Jarvis Harrison,G,23,,,Texas A&M,152,NYJfrom HOU,Jarvis Harrison,G,Texas A&M,4,"$2,499,847","$219,847","$219,847","$489,962"
2015,Bobby Hart,OG,6,5,77,329,0,0,0,0,0,0,Florida St.,5.1,226,NYG,Bobby Hart,G,21,2015,5,Florida St.,226,NYG,Bobby Hart,G,Florida State,4,"$2,351,589","$71,589","$71,589","$452,897"
2015,Rob Havenstein,OT,6,7,79,321,5.46,4.87,8.28,28.5,96,16,Wisconsin,5.8,57,STL,Rob Havenstein,T,,2015,9,Wisconsin,57,STLfrom CAR,Rob Havenstein,RT,Wisconsin,4,"$3,970,021","$1,147,288","$1,762,743","$721,822"
2015,Ben Heeney,ILB,6,0,72,231,4.59,4,6.68,33.5,120,19,Kansas,5.2,140,OAK,Ben Heeney,ILB,22,2015,11,Kansas,140,OAK,Ben Heeney,ILB,Kansas,4,"$2,522,724","$242,724","$242,724","$495,681"
2015,Amarlo Herrera,ILB,6,1,73,244,4.83,4.27,7.35,32,111,23,Georgia,5.1,207,IND,Amarlo Herrera,ILB,24,2015,1,Georgia,207,INDfrom SEA,Amarlo Herrera,ILB,Georgia,4,"$2,384,656","$104,656","$104,656","$461,164"
2015,Jeff Heuerman,TE,6,5,77,254,0,0,0,0,0,26,Ohio St.,5.4,92,DEN,Jeff Heuerman,TE,22,,,Ohio St.,92,DEN,Jeff Heuerman,TE,Ohio State,4,"$2,968,477","$620,806","$620,806","$590,201"
2015,Jordan Hicks,OLB,6,1,73,236,4.68,4.15,6.78,38,124,20,Texas,5.4,84,PHI,Jordan Hicks,OLB,23,2015,8,Texas,84,PHI,Jordan Hicks,OLB,Texas,4,"$2,992,732","$652,732","$652,732","$598,183"
2015,Kenny Hilliard,RB,6,0,72,226,4.83,4.4,7.17,27,111,0,LSU,4.8,235,HOU,Kenny Hilliard,RB,23,,,LSU,235,HOU,Kenny Hilliard,RB,Louisiana State,4,"$2,345,379","$65,379","$65,379","$451,344"
2015,Gerod Holliman,FS,6,0,72,218,0,0,0,0,0,17,Louisville,5.5,239,PIT,Gerod Holliman,FS,21,,,Louisville,239,PIT,Gerod Holliman,FS,Louisville,4,"$2,338,515","$58,515","$58,515","$449,628"
2015,D.J. Humphries,OT,6,5,77,307,5.12,4.64,7.87,31,104,26,Florida,5.8,24,ARI,D.J. Humphries,T,21,,,Florida,24,ARI,D.J. Humphries,RT,Florida,4,"$8,912,112","$4,741,536","$7,261,824","$1,620,384"
2015,Brett Hundley,QB,6,3,75,226,4.63,3.98,6.93,36,120,0,UCLA,5.5,147,GNB,Brett Hundley,QB,22,,,UCLA,147,"GBfrom CLE 
via NE",Brett Hundley,QB,California-Los Angeles,4,"$2,503,633","$223,633","$223,633","$490,908"
2015,Danielle Hunter,DE,6,5,77,252,4.57,0,0,0,0,25,LSU,5.7,88,MIN,Danielle Hunter,DE,20,2015,10,LSU,88,MINfrom DET,Danielle Hunter,DE,Louisiana State,4,"$3,077,390","$627,223","$627,223","$591,805"
2015,Martin Ifedi,DE,6,3,75,275,4.88,4.58,7.39,31,111,16,Memphis,5,227,STL,Martin Ifedi,DE,24,,,Memphis,227,STL,Martin Ifedi,DE,Memphis,4,"$2,351,097","$71,097","$71,097","$452,774"
2015,Joey Iosefa,RB,6,0,72,247,5.02,4.33,7.24,31.5,110,30,Hawaii,4.8,231,TAM,Joey Iosefa,FB,24,,,Hawaii,231,"TBfrom MIA 
via BAL 
via DET",Joey Iosefa,FB,Hawaii,4,"$2,348,340","$68,340","$68,340","$452,085"
2015,Tre' Jackson,OG,6,4,76,330,5.52,0,0,25,96,0,Florida St.,5.7,111,NWE,Tre' Jackson,G,22,2015,9,Florida St.,111,NEfrom CLE,Tre' Jackson,G,Florida State,4,"$2,803,740","$523,740","$523,740","$565,935"
2015,Jesse James,TE,6,7,79,261,4.83,4.5,0,37.5,121,26,Penn St.,5.1,160,PIT,Jesse James,TE,21,2015,4,Penn St.,160,PIT,Jesse James,TE,Penn State,4,"$2,488,912","$208,912",$208,"$487,228"
2015,Grady Jarrett,NT,6,1,73,304,5.06,4.56,7.37,31,112,30,Clemson,5.8,137,ATL,Grady Jarrett,NT,22,2015,12,Clemson,137,"ATLfrom TB 
via BUF 
via MIN",Grady Jarrett,DT,Clemson,4,"$2,527,853","$247,853","$247,853","$496,963"
2015,Kyshoen Jarrett,SS,5,10,70,200,4.57,4.4,6.95,33,109,21,Virginia Tech,5.2,181,WAS,Kyshoen Jarrett,SS,22,2015,12,Virginia Tech,181,"WASfrom NYJ 
via SEA",Kyshoen Jarrett,FS,Virginia Tech,4,"$2,415,630","$135,630","$135,630","$468,907"
2015,David Johnson,RB,6,1,73,224,4.5,4.27,6.82,41.5,127,25,Northern Iowa,5.3,86,ARI,David Johnson,RB,23,2015,12,Northern Iowa,86,ARI,David Johnson,RB,Northern Iowa,4,"$3,003,958","$639,373","$639,373","$594,843"
2015,Duke Johnson,RB,5,9,69,207,4.54,0,0,33.5,121,0,Miami,5.9,77,CLE,Duke Johnson,RB,22,2015,12,Miami (FL),77,CLE,Duke Johnson,RB,Miami (FL),4,"$3,075,092","$710,092","$710,092","$612,523"
2015,Kevin Johnson,CB,6,0,72,188,4.52,3.89,6.79,41.5,130,0,Wake Forest,5.9,16,HOU,Kevin Johnson,CB,23,2015,12,Wake Forest,16,HOU,Kevin Johnson,CB,Wake Forest,4,"$10,049,413","$5,568,664","$10,049,413","$1,827,166"
2015,Byron Jones,CB,6,1,73,199,0,3.94,6.78,44.5,147,0,Connecticut,5.3,27,DAL,Byron Jones,CB,23,2015,12,Connecticut,27,DAL,Byron Jones,CB,Connecticut,4,"$8,601,941","$4,515,957","$6,993,950","$1,563,989"
2015,Matt Jones,RB,6,2,74,231,4.61,4.2,0,31.5,112,20,Florida,5.3,95,WAS,Matt Jones,RB,22,2015,11,Florida,95,WASfrom SEA,Matt Jones,RB,Florida,4,"$2,951,415","$599,415","$599,415","$584,853"
2015,Eric Kendricks,ILB,6,0,72,232,4.61,0,0,38,124,19,UCLA,5.8,45,MIN,Eric Kendricks,ILB,23,2015,10,UCLA,45,MIN,Eric Kendricks,ILB,California-Los Angeles,4,"$5,155,920","$2,009,760","$2,679,120","$937,440"
2015,Hau'oli Kikaha,OLB,6,2,74,253,0,0,0,0,0,0,Washington,5.8,44,NOR,Hau'oli Kikaha,OLB,23,2015,11,Washington,44,NO,Hau'oli Kikaha,OLB,Washington,4,"$5,266,310","$2,090,044","$2,764,422","$957,511"
2015,Arie Kouandjio,OG,6,5,77,310,0,0,0,0,0,0,Alabama,5.3,112,WAS,Arie Kouandjio,G,23,2015,3,Alabama,112,"WASfrom NO 
via SEA",Arie Kouandjio,G,Alabama,4,"$2,801,670","$521,670","$521,670","$565,417"
2015,Ben Koyack,TE,6,5,77,255,0,0,0,0,0,0,Notre Dame,5.4,229,JAX,Ben Koyack,TE,22,,,Notre Dame,229,"JACfrom CLE 
via HOU 
via NYJ",Ben Koyack,TE,Notre Dame,4,"$2,349,298","$69,298","$69,298","$452,324"
2015,Tyler Kroft,TE,6,5,77,246,0,0,0,0,0,17,Rutgers,5.4,85,CIN,Tyler Kroft,TE,22,2015,12,Rutgers,85,CIN,Tyler Kroft,TE,Rutgers,4,"$2,971,276","$647,776","$647,776","$596,944"
2015,Jeremy Langford,RB,6,0,72,208,4.42,4.32,7.22,34.5,118,0,Michigan St.,5.3,106,CHI,Jeremy Langford,RB,23,2015,12,Michigan St.,106,CHI,Jeremy Langford,RB,Michigan State,4,"$2,823,623","$543,623","$543,623","$570,906"
2015,Dezmin Lewis,WR,6,4,76,214,4.58,4.28,7.11,33.5,119,16,Central Arkansas,5.3,234,BUF,Dezmin Lewis,WR,22,,,Central Arkansas,234,BUF,Dezmin Lewis,WR,Central Arkansas,4,"$2,346,529","$66,529","$66,529","$451,632"
2015,Tony Lippett,WR,6,2,74,192,4.61,4.13,6.92,36,114,10,Michigan St.,5.4,156,MIA,Tony Lippett,WR,23,2015,5,Michigan St.,156,MIAfrom PHI,Tony Lippett,WR,Michigan State,4,"$2,494,763","$214,763","$214,763","$488,690"
2015,Tyler Lockett,WR,5,10,70,182,4.4,4.07,6.89,35.5,121,0,Kansas St.,5.5,69,SEA,Tyler Lockett,WR,23,2015,12,Kansas St.,69,SEAfrom WAS,Tyler Lockett,WR,Kansas State,4,"$3,318,751","$786,751","$786,751","$631,687"
2015,Craig Mager,CB,5,11,71,201,4.44,4.07,6.83,38,130,17,Texas St.,5.4,83,SDG,Craig Mager,CB,23,2015,6,Texas St.,83,SD,Craig Mager,CB,Texas State,4,"$3,302,170","$661,578","$661,578","$600,394"
2015,Sean Mannion,QB,6,6,78,229,5.14,4.39,7.29,31,105,0,Oregon St.,5.3,89,STL,Sean Mannion,QB,23,2015,1,Oregon St.,89,STLfrom CAR,Sean Mannion,QB,Oregon State,4,"$3,075,536","$625,797","$625,797","$591,449"
2015,Marcus Mariota,QB,6,4,76,222,4.52,4.11,6.87,36,121,0,Oregon,6.4,2,TEN,Marcus Mariota,QB,21,2015,10,Oregon,2,TEN,Marcus Mariota,QB,Oregon,4,"$24,213,974","$15,870,164","$24,213,976","$4,402,541"
2015,Ali Marpet,C,6,4,76,307,4.98,4.47,7.33,30.5,108,30,Hobart & William Smith,5.4,61,TAM,Ali Marpet,C,22,2015,9,Hobart,61,TBfrom IND,Ali Marpet,G,Hobart,4,"$3,773,586","$1,004,424","$1,004,424","$686,106"
2015,Lorenzo Mauldin,OLB,6,4,76,259,4.85,4.58,7.47,32,112,23,Louisville,5.7,82,NYJ,Lorenzo Mauldin,OLB,22,2015,11,Louisville,82,NYJfrom HOU,Lorenzo Mauldin,LB,Louisville,4,"$3,008,018","$674,017","$674,017","$603,504"
2015,Vince Mayle,WR,6,2,74,224,4.67,4.13,6.93,35.5,117,0,Washington St.,5.6,123,CLE,Vince Mayle,WR,,2015,1,Washington St.,123,CLEfrom ARI,Vince Mayle,WR,Washington State,4,"$2,763,152","$483,152","$483,152","$555,788"
2015,Tre McBride,WR,6,0,72,210,4.41,4.08,6.96,38,122,16,William & Mary,5.3,245,TEN,Tre McBride,WR,22,2015,3,William & Mary,245,"TENfrom DEN 
via NYG",Tre McBride,WR,William & Mary,4,"$2,335,433","$55,433","$55,433","$448,858"
2015,Bobby McCain,CB,5,9,69,195,4.51,3.82,6.8,36,130,17,Memphis,5.3,145,MIA,Bobby McCain,CB,22,2015,12,Memphis,145,"MIAfrom STL 
via PHI",Bobby McCain,CB,Memphis,4,"$2,508,288","$228,288","$228,288","$492,072"
2015,Benardrick McKinney,ILB,6,4,76,246,4.66,4.27,7.21,40.5,121,16,Mississippi St.,6,43,HOU,Benardrick McKinney,ILB,,2015,10,Mississippi St.,43,HOUfrom CLE,Benardrick McKinney,OLB,Mississippi State,4,"$5,345,124","$2,147,363","$2,825,324","$971,840"
2015,John Miller,OG,6,2,74,303,5.33,4.75,8.2,27,104,29,Louisville,5.5,81,BUF,John Miller,G,22,2015,8,Louisville,81,BUF,John Miller,G,Louisville,4,"$2,960,120","$680,120","$680,120","$605,030"
2015,Ty Montgomery,WR,6,0,72,221,4.55,4.21,6.97,40.5,121,0,Stanford,5.6,94,GNB,Ty Montgomery,WR,22,2015,6,Stanford,94,GB,Ty Montgomery,WR,Stanford,4,"$2,948,795","$606,545","$606,545","$586,636"
2015,Mitch Morse,OG,6,5,77,305,5.14,4.5,7.6,31,112,36,Missouri,5.2,49,KAN,Mitch Morse,G,23,2015,11,Missouri,49,KC,Mitch Morse,C,Missouri,4,"$4,673,076","$1,658,598","$2,281,017","$849,649"
2015,Keith Mumphery,WR,6,0,72,215,4.54,4.25,7.07,32.5,121,0,Michigan St.,4.8,175,HOU,Keith Mumphery,WR,23,2015,12,Michigan St.,175 (C),HOU,Keith Mumphery,WR,Michigan State,4,"$2,446,254","$166,254","$166,254","$476,563"
2015,Marcus Murphy,RB,5,8,68,193,4.61,4.4,0,29,109,11,Missouri,5.3,230,NOR,Marcus Murphy,RB,23,2015,12,Missouri,230,NO,Marcus Murphy,RB,Missouri,4,"$2,349,289","$69,289","$69,289","$452,322"
2015,Robert Myers,OG,6,5,77,326,5.44,4.91,8.1,27.5,94,0,Tennessee St.,5.2,176,BAL,Robert Myers,G,23,,,Tennessee St.,176 (C),BAL,Robert Myers,G,Tennessee State,4,"$2,446,254","$166,254","$166,254","$476,563"
2015,Steven Nelson,CB,5,10,70,197,4.49,4.07,6.88,34.5,115,19,Oregon St.,5.4,98,KAN,Steven Nelson,CB,22,2015,8,Oregon St.,98 (C),KC,Steven Nelson,CB,Oregon State,4,"$2,917,452","$581,952","$581,952","$580,488"
2015,Rakeem Nunez-Roches,DT,6,2,74,307,5.02,4.69,7.67,34,114,26,Southern Miss,5.1,217,KAN,Rakeem Nunez-Roches,DT,22,2015,7,Southern Miss,217 (C),KC,Rakeem Nunez-Roches,DT,Southern Mississippi,4,"$2,370,487","$90,487","$90,487","$457,621"
2015,Mark Nzeocha,OLB,6,2,74,232,0,0,0,0,0,24,Wyoming,5.1,236,DAL,Mark Nzeocha,OLB,25,,,Wyoming,236,DALfrom SD,Mark Nzeocha,OLB,Wyoming,4,"$2,344,349","$64,349","$64,349","$451,087"
2015,Nick O'Leary,TE,6,3,75,252,4.93,4.5,0,30.5,110,21,Florida St.,5.4,194,BUF,Nick O'Leary,TE,23,,,Florida St.,194,BUF,Nick O'Leary,TE,Florida State,4,"$2,399,690","$119,690","$119,690","$464,922"
2015,Owamagbe Odighizuwa,DE,6,3,75,267,4.62,4.19,7.36,39,127,25,UCLA,5.7,74,NYG,Owamagbe Odighizuwa,DE,23,2015,4,UCLA,74,NYG,Owamagbe Odighizuwa,DE,California-Los Angeles,4,"$3,160,501","$740,500","$740,500","$620,125"
2015,Cedric Ogbuehi,OT,6,5,77,306,0,0,0,0,0,23,Texas A&M,5.9,21,CIN,Cedric Ogbuehi,T,23,2015,1,Texas A&M,21,CIN,Cedric Ogbuehi,LT,Texas A&M,4,"$9,325,677","$5,042,310",-,"$1,695,577"
2015,Nate Orchard,DE,6,3,75,250,4.8,4.43,7.28,31.5,115,0,Utah,5.8,51,CLE,Nate Orchard,DE,22,2015,11,Utah,51,CLEfrom HOU,Nate Orchard,DT,Utah,4,"$4,466,303","$1,508,220","$2,146,234","$812,055"
2015,DeVante Parker,WR,6,3,75,209,4.45,0,0,36.5,125,17,Louisville,6.2,14,MIA,DeVante Parker,WR,22,2015,11,Louisville,14,MIA,DeVante Parker,WR,Louisville,4,"$10,876,543","$6,170,213","$10,876,543","$1,977,553"
2015,David Parry,NT,6,1,73,308,5.38,0,0,29,103,34,Stanford,5.4,151,IND,David Parry,NT,23,2015,12,Stanford,151,INDfrom SF,David Parry,DT,Stanford,4,"$2,500,008","$220,008","$220,008","$490,002"
2015,Andrus Peat,OT,6,7,79,313,5.18,4.62,8.01,31,105,0,Stanford,6.2,13,NOR,Andrus Peat,T,21,2015,9,Stanford,13,NO,Andrus Peat,LT,Stanford,4,"$11,393,496","$6,546,179","$11,393,496","$2,071,544"
2015,Breshad Perriman,WR,6,2,74,212,0,0,0,0,0,0,Central Florida,5.8,26,BAL,Breshad Perriman,WR,22,,,Central Florida,26,BAL,Breshad Perriman,WR,Central Florida,4,"$8,705,317","$4,591,139","$7,083,227","$1,582,784"
2015,Denzel Perryman,ILB,5,11,71,236,4.78,0,0,32,113,27,Miami,5.7,48,SDG,Denzel Perryman,ILB,21,2015,10,Miami (FL),48,SD,Denzel Perryman,ILB,Miami (FL),4,"$4,776,474","$1,733,799","$2,385,912","$868,449"
2015,Marcus Peters,CB,6,0,72,197,4.53,4.08,7.08,37.5,121,17,Washington,5.8,18,KAN,Marcus Peters,CB,22,2015,12,Washington,18,KC,Marcus Peters,CB,Washington,4,"$9,584,157","$5,230,296","$9,584,157","$1,742,574"
2015,Bryce Petty,QB,6,3,75,230,4.87,4.13,6.91,34,121,0,Baylor,5.3,103,NYJ,Bryce Petty,QB,24,,,Baylor,103,NYJfrom JAC,Bryce Petty,QB,Baylor,4,"$2,833,697","$553,697","$553,697","$573,424"
2015,Jordan Phillips,NT,6,5,77,329,5.17,4.68,7.88,30,105,28,Oklahoma,6.2,52,MIA,Jordan Phillips,NT,23,2015,11,Oklahoma,52,MIAfrom PHI,Jordan Phillips,DT,Oklahoma,4,"$4,362,908","$1,433,024","$2,066,338","$793,256"
2015,Darius Philon,DT,6,1,73,298,5,0,8,31,107,26,Arkansas,5.4,192,SDG,Darius Philon,DT,21,2015,4,Arkansas,192,SD,Darius Philon,DT,Arkansas,4,"$2,400,587","$120,587","$120,587","$465,146"
2015,Bradley Pinion,P,6,5,77,229,0,0,0,0,0,0,Clemson,5,165,SFO,Bradley Pinion,P,21,2015,12,Clemson,165,SFfrom IND,Bradley Pinion,P,Clemson,4,"$2,474,200","$194,200","$194,200","$483,550"
2015,Terry Poole,OG,6,5,77,307,5.09,4.66,7.9,31,113,25,San Diego St.,5,130,SEA,Terry Poole,G,23,,,San Diego St.,130,SEA,Terry Poole,G,San Diego State,4,"$2,730,251","$450,251","$450,251","$547,562"
2015,Jeremiah Poutasi,OG,6,5,77,335,5.32,4.89,8.09,26.5,95,26,Utah,5.4,66,TEN,Jeremiah Poutasi,G,21,2015,9,Utah,66,TEN,Jeremiah Poutasi,G,Utah,4,"$3,385,844","$802,259","$802,259","$635,564"
2015,MyCole Pruitt,TE,6,2,74,251,4.58,4.37,0,38,118,17,Southern Illinois,5,143,MIN,MyCole Pruitt,TE,23,2015,12,Southern Illinois,143,"MINfrom CHI 
via DEN 
via DET",MyCole Pruitt,TE,Southern Illinois,4,"$2,510,588","$230,588","$230,588","$492,647"
2015,Hayes Pullard,ILB,6,0,72,240,4.78,4.39,7.07,31,110,19,USC,5.4,219,CLE,Hayes Pullard,ILB,,2015,4,USC,219,"CLEfrom TEN 
via NE",Hayes Pullard,ILB,Southern California,4,"$2,359,240","$79,240","$79,240","$454,810"
2015,Damarious Randall,FS,5,11,71,196,4.46,4.07,6.83,38,120,14,Arizona State,5.4,30,GNB,Damarious Randall,FS,23,2015,11,Arizona St.,30,GB,Damarious Randall,CB,Arizona State,4,"$7,915,734","$4,016,897","$5,966,315","$1,439,224"
2015,Shane Ray,DE,6,3,75,245,0,0,0,0,0,21,Missouri,6.8,23,DEN,Shane Ray,DE,22,2015,10,Missouri,23,DENfrom DET,Shane Ray,DE,Missouri,4,"$9,118,894","$4,891,923","$7,440,410","$1,657,980"
2015,Jordan Richards,SS,5,11,71,211,4.65,4.22,6.74,32,111,13,Stanford,5.2,64,NWE,Jordan Richards,SS,22,2015,10,Stanford,64,NE,Jordan Richards,SS,Stanford,4,"$3,711,548","$959,307","$1,159,307","$674,827"
2015,Corey Robinson,OT,6,7,79,324,0,0,0,0,0,28,South Carolina,5.3,240,DET,Corey Robinson,T,23,2015,1,South Carolina,240,DET,Corey Robinson,T,South Carolina,4,"$2,337,908","$57,908","$57,908","$449,477"
2015,Edmond Robinson,OLB,6,3,75,245,4.61,4.38,7.49,37,121,20,Newberry,4.8,232,MIN,Edmond Robinson,OLB,23,2015,5,Newberry,232,"MINfrom SF 
via MIA",Edmond Robinson,OLB,Newberry,4,"$2,348,314","$68,314","$68,314","$452,078"
2015,Josh Robinson,RB,5,8,68,217,4.7,0,0,32,113,21,Mississippi St.,5.2,205,IND,Josh Robinson,RB,23,2015,5,Mississippi St.,205,IND,Josh Robinson,RB,Mississippi State,4,"$2,388,166","$108,166","$108,166","$462,042"
2015,Quinten Rollins,CB,5,11,71,195,4.57,4.28,7.1,36.5,122,14,Miami (OH),5.8,62,GNB,Quinten Rollins,CB,23,2015,10,Miami (OH),62,GB,Quinten Rollins,CB,Miami (OH),4,"$3,742,566","$981,864","$1,251,864","$680,466"
2015,Eric Rowe,FS,6,1,73,205,4.45,3.97,6.7,39,125,19,Utah,5.4,47,PHI,Eric Rowe,CB,22,2015,12,Utah,47,PHIfrom MIA,Eric Rowe,CB,Utah,4,"$4,879,862","$1,808,990","$2,465,801","$887,248"
2015,Ryan Russell,DE,6,4,76,269,4.75,4.47,7.25,32.5,119,25,Purdue,5,163,DAL,Ryan Russell,DE,23,2015,1,Purdue,163,DAL,Ryan Russell,DE,Purdue,4,"$2,482,987","$202,987","$202,987","$485,746"
2015,Jake Ryan,OLB,6,2,74,240,4.65,4.2,7.11,34.5,120,20,Michigan,5.3,129,GNB,Jake Ryan,OLB,23,2015,10,Michigan,129,GB,Jake Ryan,OLB,Michigan,4,"$2,736,678","$456,678","$456,678","$549,169"
2015,Ty Sambrailo,OT,6,6,78,311,5.36,4.58,7.54,29,97,23,Colorado St.,5.6,59,DEN,Ty Sambrailo,T,23,2015,3,Colorado St.,59,DEN,Ty Sambrailo,LT,Colorado State,4,"$3,845,955","$1,057,058","$1,487,610","$699,264"
2015,James Sample,SS,6,2,74,209,4.56,0,7.04,32.5,123,0,Louisville,5.2,104,JAX,James Sample,SS,23,2015,4,Louisville,104,JACfrom NYJ,James Sample,FS,Louisville,4,"$2,828,582","$548,582","$548,582","$572,145"
2015,Brandon Scherff,OG,6,5,77,319,5.05,0,0,0,0,23,Iowa,6.4,5,WAS,Brandon Scherff,T,23,2015,12,Iowa,5,WAS,Brandon Scherff,G,Iowa,4,"$21,215,638","$13,689,555","$21,215,638","$3,857,388"
2015,Josh Shaw,CB,6,0,72,201,4.44,4.12,7.01,37.5,130,26,USC,5.4,120,CIN,Josh Shaw,CB,23,2015,11,USC,120,CIN,Josh Shaw,CB,Southern California,4,"$2,773,724","$493,724","$493,724","$558,431"
2015,Danny Shelton,NT,6,2,74,339,5.64,4.65,7.99,30.5,95,34,Washington,6.4,12,CLE,Danny Shelton,NT,22,2015,12,Washington,12,CLE,Danny Shelton,DT,Washington,4,"$11,703,667","$6,771,758","$11,703,667","$2,127,939"
2015,Austin Shepherd,OT,6,4,76,315,5.39,4.7,8.04,29,94,17,Alabama,5.3,228,MIN,Austin Shepherd,T,23,2015,10,Alabama,228,MIN,Austin Shepherd,T,Alabama,4,"$2,349,694","$69,694","$69,694","$452,423"
2015,JaCorey Shepherd,CB,5,11,71,199,0,0,0,0,0,14,Kansas,5.4,191,PHI,JaCorey Shepherd,CB,,,,Kansas,191,PHIfrom MIA,JaCorey Shepherd,CB,Kansas,4,"$2,401,111","$121,111","$121,111","$465,277"
2015,Deon Simon,NT,6,4,76,321,5.12,4.76,7.92,29.5,105,35,Northwestern St. (LA),5,223,NYJ,Deon Simon,NT,25,,,NW State (LA),223,NYJ,Deon Simon,DT,Northwestern State,4,"$2,353,296","$73,296","$73,296","$453,324"
2015,DeAndre Smelter,WR,6,2,74,226,0,0,0,0,0,0,Georgia Tech,5.5,132,SFO,DeAndre Smelter,WR,23,,,Georgia Tech,132 (C),SF,DeAndre Smelter,WR,Georgia Tech,4,"$2,625,692","$345,692","$345,692","$521,423"
2015,D'Joun Smith,CB,5,10,70,187,4.45,4.26,6.96,36,124,18,Florida Atlantic,5.6,65,IND,D'Joun Smith,CB,23,2015,3,Florida Atlantic,65,INDfrom TB,D'Joun Smith,CB,Florida Atlantic,4,"$3,313,500","$808,846","$808,846","$637,211"
2015,Derron Smith,FS,5,10,70,200,0,0,0,0,0,0,Fresno St.,5.7,197,CIN,Derron Smith,FS,23,2015,12,Fresno St.,197,CIN,Derron Smith,SS,Fresno State,4,"$2,398,632","$118,632","$118,632","$464,658"
2015,Devin Smith,WR,6,0,72,196,4.42,4.15,0,39,122,10,Ohio St.,5.7,37,NYJ,Devin Smith,WR,23,2015,9,Ohio St.,37,NYJ,Devin Smith,WR,Ohio State,4,"$5,872,419","$2,530,850","$3,232,779","$1,067,712"
2015,Donovan Smith,OG,6,6,78,338,5.27,4.79,7.95,32,109,26,Penn St.,5.3,34,TAM,Donovan Smith,T,22,2015,12,Penn St.,34,TB,Donovan Smith,LT,Penn State,4,"$6,068,860","$2,673,716","$3,899,042","$1,103,429"
2015,Preston Smith,DE,6,5,77,271,4.74,4.28,7.07,34,121,24,Mississippi St.,5.6,38,WAS,Preston Smith,DE,22,2015,12,Mississippi St.,38,WAS,Preston Smith,OLB,Mississippi State,4,"$5,779,354","$2,463,167","$3,160,865","$1,050,791"
2015,Tye Smith,CB,6,0,72,195,4.6,3.96,6.97,36.5,124,15,Towson,4.9,170,SEA,Tye Smith,CB,22,2015,2,Towson,170 (C),SEA,Tye Smith,CB,Towson,4,"$2,446,254","$166,254","$166,254","$476,563"
2015,Za'Darius Smith,DE,6,4,76,274,4.83,4.66,7.42,29,113,23,Kentucky,5.5,122,BAL,Za'Darius Smith,DE,23,2015,11,Kentucky,122,BALfrom DET,Za'Darius Smith,OLB,Kentucky,4,"$2,763,152","$483,152","$483,152","$555,788"
2015,Martrell Spaight,OLB,6,0,72,236,4.88,0,7.66,35,120,25,Arkansas,5.3,141,WAS,Martrell Spaight,OLB,22,2015,1,Arkansas,141,WAS,Martrell Spaight,OLB,Arkansas,4,"$2,517,949","$237,949","$237,949","$494,487"
2015,Jaelen Strong,WR,6,2,74,217,4.44,0,0,42,123,0,Arizona State,5.8,70,HOU,Jaelen Strong,WR,21,2015,6,Arizona St.,70,HOUfrom NYJ,Jaelen Strong,WR,Arizona State,4,"$3,265,574","$771,980","$771,980","$627,995"
2015,Damian Swann,CB,6,0,72,189,4.5,0,0,33,118,0,Georgia,5.3,167,NOR,Damian Swann,CB,22,2015,6,Georgia,167,"NOfrom SEA 
via WAS",Damian Swann,CB,Georgia,4,"$2,467,231","$187,231","$187,231","$481,807"
2015,Jaquiski Tartt,SS,6,1,73,221,4.53,0,0,0,124,0,Samford,5.5,46,SFO,Jaquiski Tartt,SS,23,2015,12,Samford,46,SF,Jaquiski Tartt,FS,Samford,4,"$5,037,015","$1,923,284","$2,587,239","$915,821"
2015,Randall Telfer,TE,6,4,76,250,0,0,0,0,0,20,USC,0,198,CLE,Randall Telfer,TE,23,,,USC,198,CLEfrom ARI,Randall Telfer,TE,Southern California,4,"$2,397,537","$117,537","$117,537","$464,384"
2015,Shaq Thompson,OLB,6,0,72,228,4.64,4.08,6.99,33.5,117,0,Washington,6,25,CAR,Shaq Thompson,OLB,21,2015,10,Washington,25,CAR,Shaq Thompson,OLB,Washington,4,"$8,808,724","$4,666,344","$7,172,534","$1,601,586"
2015,Tyrus Thompson,OT,6,5,77,324,0,4.92,0,29,97,29,Oklahoma,5.5,185,MIN,Tyrus Thompson,T,23,,,Oklahoma,185,MINfrom ATL,Tyrus Thompson,T,Oklahoma,4,"$2,408,807","$128,807","$128,807","$467,201"
2015,Laken Tomlinson,OG,6,3,75,323,5.33,4.87,8.17,31.5,103,25,Duke,5.6,28,DET,Laken Tomlinson,G,23,2015,12,Duke,28,DETfrom DEN,Laken Tomlinson,G,Duke,4,"$8,550,244","$4,478,359","$6,949,303","$1,554,589"
2015,Davis Tull,OLB,6,2,74,246,0,0,0,42.5,132,26,Tennessee-Chattanooga,5.2,148,NOR,Davis Tull,OLB,23,,,Tenn-Chattanooga,148,NO,Davis Tull,OLB,Tennessee-Chattanooga,4,"$2,501,733","$221,733","$221,733","$490,433"
2015,Max Valles,OLB,6,5,77,251,4.83,4.37,7.59,36.5,121,0,Virginia,5.4,179,OAK,Max Valles,OLB,21,,,Virginia,179,OAK,Max Valles,OLB,Virginia,4,"$2,421,573","$141,573","$141,573","$470,393"
2015,Clive Walford,TE,6,4,76,251,4.79,4.57,0,35,120,20,Miami,5.6,68,OAK,Clive Walford,TE,23,2015,12,Miami (FL),68,OAK,Clive Walford,TE,Miami (FL),4,"$3,345,450","$794,504","$794,504","$633,626"
2015,Darren Waller,WR,6,6,78,238,4.46,4.25,7.07,37,125,12,Georgia Tech,5.4,204,BAL,Darren Waller,WR,23,2015,6,Georgia Tech,204,BALfrom DAL,Darren Waller,WR,Georgia Tech,4,"$2,391,096","$111,096","$111,096","$462,774"
2015,Leterrius Walton,DT,6,5,77,319,5.25,4.78,7.91,27,103,25,Central Michigan,5.4,199,PIT,Leterrius Walton,DT,23,2015,6,Central Michigan,199,PIT,Leterrius Walton,DT,Central Michigan,4,"$2,396,930","$116,930","$116,930","$464,232"
2015,Trae Waynes,CB,6,0,72,186,4.31,4.39,7.06,38,122,19,Michigan St.,6.2,11,MIN,Trae Waynes,CB,23,2015,11,Michigan St.,11,MIN,Trae Waynes,CB,Michigan State,4,"$12,944,368","$7,674,086","$12,944,368","$2,353,520"
2015,Kevin White,WR,6,3,75,215,4.35,4.14,6.92,36.5,123,23,West Virginia,6.2,7,CHI,Kevin White,WR,22,,,West Virginia,7,CHI,Kevin White,WR,West Virginia,4,"$16,563,047","$10,305,852","$16,563,047","$3,011,463"
2015,Kevin White,CB,5,9,69,183,4.63,0,0,35.5,121,18,TCU,5.3,7,CHI,Kevin White,WR,22,,,West Virginia,7,CHI,Kevin White,WR,West Virginia,4,"$16,563,047","$10,305,852","$16,563,047","$3,011,463"
2015,Daryl Williams,OT,6,5,77,327,5.34,5.15,0,26,97,27,Oklahoma,5.6,102,CAR,Daryl Williams,G,23,2015,6,Oklahoma,102,CARfrom OAK,Daryl Williams,T,Oklahoma,4,"$2,837,120","$557,120","$557,120","$574,280"
2015,Karlos Williams,RB,6,1,73,230,4.48,4.46,7.16,33.5,117,16,Florida St.,5.3,155,BUF,Karlos Williams,RB,22,2015,8,Florida St.,155,BUF,Karlos Williams,RB,Florida State,4,"$2,495,352","$215,352","$215,352","$488,838"
2015,Leonard Williams,DE,6,5,77,302,4.97,4.53,7.59,29.5,106,0,USC,7.4,6,NYJ,Leonard Williams,DE,21,2015,12,USC,6,NYJ,Leonard Williams,DE,Southern California,4,"$18,630,866","$11,809,721","$18,630,866","$3,387,430"
2015,Maxx Williams,TE,6,4,76,249,4.78,4.37,0,34.5,117,17,Minnesota,5.8,55,BAL,Maxx Williams,TE,21,2015,10,Minnesota,55,BALfrom ARI,Maxx Williams,TE,Minnesota,4,"$4,052,738","$1,207,446","$1,826,662","$736,861"
2015,P.J. Williams,CB,6,0,72,194,4.57,4.28,7.08,40,132,12,Florida St.,6,78,NOR,P.J. Williams,CB,22,,,Florida St.,78,NOfrom MIA,P.J. Williams,CB,Florida State,4,"$3,061,619","$706,619","$706,619","$611,654"
2015,Damien Wilson,ILB,6,0,72,245,4.77,4.2,7.21,37,119,22,Minnesota,5.1,127,DAL,Damien Wilson,ILB,22,2015,12,Minnesota,127,DAL,Damien Wilson,ILB,Minnesota,4,"$2,746,315","$466,315","$466,315","$551,578"
2015,Ramik Wilson,ILB,6,2,74,237,4.77,4.51,0,35,111,23,Georgia,5.4,118,KAN,Ramik Wilson,ILB,23,2015,7,Georgia,118,KC,Ramik Wilson,ILB,Georgia,4,"$2,807,123","$500,123","$500,123","$560,030"
2015,Jameis Winston,QB,6,4,76,231,4.97,4.36,7.16,28.5,103,0,Florida St.,6.5,1,TAM,Jameis Winston,QB,21,2015,12,Florida St.,1,TB,Jameis Winston,QB,Florida State,4,"$25,351,277","$16,697,292","$25,351,277","$4,609,323"
2015,Gabe Wright,DT,6,3,75,300,5.07,4.56,7.73,26.5,100,34,Auburn,5.7,113,DET,Gabe Wright,DT,23,2015,7,Auburn,113,"DETfrom SF 
via BUF 
via PHI",Gabe Wright,DT,Auburn,4,"$2,801,155","$521,155","$521,155","$565,288"
2015,T.J. Yeldon,RB,6,1,73,226,4.61,4.22,7.19,36,117,22,Alabama,5.7,36,JAX,T.J. Yeldon,RB,21,2015,11,Alabama,36,JAC,T.J. Yeldon,RB,Alabama,4,"$5,913,774","$2,560,927","$3,264,736","$1,075,231"
2014,Jared Abbrederis,WR,6,1,73,195,4.5,4.08,6.8,30.5,117,4,Wisconsin,5.2,176,GNB,Jared Abbrederis,WR,23,2015,5,Wisconsin,176 (C),GB,Jared Abbrederis,WR,Wisconsin,4,"$2,364,560","$144,560","$144,560","$339,140"
2014,Davante Adams,WR,6,1,73,212,4.56,4.3,6.82,39.5,123,14,Fresno St.,6,53,GNB,Davante Adams,WR,21,2015,25,Fresno St.,53,GB,Davante Adams,WR,Fresno State,4,"$3,933,402","$1,180,656","$1,779,447","$715,164"
2014,Ricardo Allen,CB,5,9,69,187,4.61,4.15,0,35.5,117,13,Purdue,5.1,147,ATL,Ricardo Allen,DB,22,2015,11,Purdue,147,ATL,Ricardo Allen,S,Purdue,4,"$2,420,500","$200,500","$200,500","$470,125"
2014,Jace Amaro,TE,6,5,77,265,4.74,4.3,7.42,33,118,28,Texas Tech,5.4,49,NYJ,Jace Amaro,TE,22,2014,14,Texas Tech,49,NYJ,Jace Amaro,TE,Texas Tech,4,"$4,292,992","$1,442,176","$2,477,316","$780,544"
2014,Dri Archer,RB,5,8,68,173,4.26,4.06,6.86,38,122,20,Kent St.,5.4,97,PIT,Dri Archer,WR,23,2015,20,Kent St.,97 (C),PIT,Dri Archer,RB,Kent State,4,"$2,748,016","$506,016","$506,016","$546,504"
2014,Jeremiah Attaochu,OLB,6,3,75,252,0,0,0,0,0,0,Georgia Tech,5.5,50,SDG,Jeremiah Attaochu,LB,21,2015,22,Georgia Tech,50,SDfrom MIA,Jeremiah Attaochu,OLB,Georgia Tech,4,"$4,203,100","$1,376,800","$1,987,850","$764,200"
2014,Anthony Barr,OLB,6,5,77,255,4.66,4.19,6.82,34.5,119,15,UCLA,6.6,9,MIN,Anthony Barr,LB,22,2015,24,UCLA,9,"MINfrom BUF 
via CLE",Anthony Barr,OLB,California-Los Angeles,4,"$12,743,500","$7,588,000","$12,743,500","$2,317,000"
2014,Lamin Barrow,OLB,6,1,73,237,4.64,4.35,7.24,35,123,22,LSU,5.4,156,DEN,Lamin Barrow,LB,23,2015,28,LSU,156,DENfrom CHI,Lamin Barrow,ILB,Louisiana State,4,"$2,411,160","$191,160","$191,160","$467,790"
2014,Kelvin Benjamin,WR,6,5,77,240,4.61,4.39,7.33,32.5,119,13,Florida St.,6.4,28,CAR,Kelvin Benjamin,WR,23,2014,16,Florida St.,28,CAR,Kelvin Benjamin,WR,Florida State,4,"$7,664,250","$3,894,000","$6,199,225","$1,393,500"
2014,Nat Berhe,SS,5,10,70,193,4.71,4.22,7.08,35.5,117,15,San Diego St.,5.2,152,NYG,Nat Berhe,DB,23,2014,16,San Diego St.,152,NYG,Nat Berhe,S,San Diego State,4,"$2,412,800","$192,800","$192,800","$468,200"
2014,Joel Bitonio,OT,6,4,76,302,4.97,4.44,7.37,32,114,22,Nevada,5.5,35,CLE,Joel Bitonio,G,22,2015,26,Nevada,35,CLE,Joel Bitonio,G,Nevada,4,"$5,461,698","$2,292,144","$3,700,403","$993,036"
2014,Rob Blanchflower,TE,6,4,76,256,0,0,0,0,0,0,Massachusetts,5.1,230,PIT,Rob Blanchflower,TE,24,2014,0,Massachusetts,230,PIT,Rob Blanchflower,TE,Massachusetts,4,"$2,279,400","$59,400","$59,400","$434,850"
2014,Alfred Blue,RB,6,2,74,223,4.63,4.5,7.15,32,121,13,LSU,5.2,181,HOU,Alfred Blue,RB,23,2015,27,LSU,181,HOUfrom OAK,Alfred Blue,RB,Louisiana State,4,"$2,337,932","$117,932","$117,932","$449,483"
2014,Russell Bodine,C,6,3,75,310,5.18,4.66,8.26,29,109,42,North Carolina,5.3,111,CIN,Russell Bodine,C,22,2015,28,North Carolina,111,"CINfrom DET 
via SEA",Russell Bodine,C,North Carolina,4,"$2,676,456","$456,456","$456,456","$534,114"
2014,Blake Bortles,QB,6,5,77,232,4.93,4.21,7.08,32.5,115,0,Central Florida,6.4,3,JAX,Blake Bortles,QB,22,2015,26,Central Florida,3,JAC,Blake Bortles,QB,Central Florida,4,"$20,654,810","$13,341,680","$20,654,810","$3,755,420"
2014,Tajh Boyd,QB,6,1,73,222,4.84,4.23,7.33,30.5,106,0,Clemson,5.4,213,NYJ,Tajh Boyd,QB,24,,,Clemson,213 (C),NYJ,Tajh Boyd,QB,Clemson,4,"$2,298,680","$78,680","$78,680","$439,670"
2014,Bashaud Breeland,CB,5,11,71,197,4.62,4.33,7.04,34.5,123,11,Clemson,5.6,102,WAS,Bashaud Breeland,DB,22,2015,27,Clemson,102,WAS,Bashaud Breeland,CB,Clemson,4,"$2,706,000","$486,000","$486,000","$541,500"
2014,Teddy Bridgewater,QB,6,2,74,214,0,4.2,7.17,30,113,0,Louisville,6.3,32,MIN,Teddy Bridgewater,QB,21,2015,25,Louisville,32,MINfrom SEA,Teddy Bridgewater,QB,Louisville,4,"$6,849,502","$3,301,456","$5,495,479","$1,245,364"
2014,Justin Britt,OT,6,6,78,325,5.19,4.69,8.14,27.5,100,23,Missouri,5.2,64,SEA,Justin Britt,T,23,2015,28,Missouri,64,SEA,Justin Britt,RT,Missouri,4,"$3,546,930","$834,132","$1,411,265","$628,533"
2014,Terrence Brooks,FS,5,11,71,198,4.42,0,7.35,38,119,10,Florida St.,5.3,79,BAL,Terrence Brooks,DB,23,2015,19,Florida St.,79,BAL,Terrence Brooks,S,Florida State,4,"$2,871,376","$606,376","$606,376","$557,829"
2014,John Brown,WR,5,10,70,179,4.34,4.12,6.91,36.5,119,0,Pittsburg St. (KS),5,91,ARI,John Brown,WR,24,2015,27,Pittsburg St.,91,ARIfrom NO,John Brown,WR,Pittsburgh State,4,"$2,798,900","$542,900","$542,900","$555,725"
2014,Preston Brown,ILB,6,1,73,251,4.86,4.26,6.98,33,116,23,Louisville,5.4,73,BUF,Preston Brown,LB,21,2015,28,Louisville,73,BUF,Preston Brown,ILB,Louisville,4,"$3,005,750","$648,000","$648,000","$582,000"
2014,Martavis Bryant,WR,6,4,76,211,4.42,4.15,7.18,39,124,16,Clemson,5.3,118,PIT,Martavis Bryant,WR,22,2015,17,Clemson,118,PIT,Martavis Bryant,WR,Clemson,4,"$2,659,220","$439,220","$439,220","$529,805"
2014,Deone Bucannon,SS,6,1,73,211,4.49,4.26,6.96,36.5,125,19,Washington St.,5.3,27,ARI,Deone Bucannon,DB,22,2015,28,Washington St.,27,ARIfrom NO,Deone Bucannon,S,Washington State,4,"$7,709,202","$3,926,692","$6,237,947","$1,401,673"
2014,Ka'Deem Carey,RB,5,9,69,207,4.7,4.38,7.08,32.5,115,19,Arizona,5.8,117,CHI,Ka'Deem Carey,RB,21,2015,20,Arizona,117,CHI,Ka'Deem Carey,RB,Arizona,4,"$2,663,380","$443,380","$443,380","$530,845"
2014,Derek Carr,QB,6,2,74,214,4.69,4.2,0,34.5,110,0,Fresno St.,5.8,36,OAK,Derek Carr,QB,23,2015,28,Fresno St.,36,OAK,Derek Carr,QB,Fresno State,4,"$5,371,801","$2,226,764","$3,310,937","$976,691"
2014,Ryan Carrethers,NT,6,1,73,337,5.47,0,7.89,26,88,32,Arkansas State,5.2,165,SDG,Ryan Carrethers,DT,23,2015,16,Arkansas St.,165,SD,Ryan Carrethers,DT,Arkansas State,4,"$2,398,532","$178,532","$178,532","$464,633"
2014,Travis Carrie,CB,6,0,72,206,0,0,0,0,0,17,Ohio,5.4,219,OAK,Travis Carrie,DB,24,2015,24,Ohio,219,OAK,Travis Carrie,CB,Ohio,4,"$2,286,964","$66,964","$66,964","$436,741"
2014,Will Clarke,DE,6,6,78,271,4.77,0,7.26,32,112,22,West Virginia,5,88,CIN,Will Clarke,DE,23,2015,18,West Virginia,88,CIN,Will Clarke,DE,West Virginia,4,"$2,820,380","$545,380","$545,380","$556,345"
2014,Jadeveon Clowney,DE,6,5,77,266,4.53,0,7.27,37.5,124,21,South Carolina,7.5,1,HOU,Jadeveon Clowney,DE,21,2015,14,South Carolina,1,HOU,Jadeveon Clowney,OLB,South Carolina,4,"$22,272,998","$14,518,544","$22,272,998","$4,049,636"
2014,Ross Cockrell,CB,6,0,72,191,4.56,4.32,7.28,36.5,122,10,Duke,5.4,109,BUF,Ross Cockrell,DB,23,2015,18,Duke,109,BUFfrom BUF,Ross Cockrell,CB,Duke,4,"$2,687,552","$467,552","$467,552","$536,888"
2014,Aaron Colvin,CB,5,11,71,177,0,0,0,0,0,0,Oklahoma,5.3,114,JAX,Aaron Colvin,DB,22,2015,18,Oklahoma,114,JACfrom BAL,Aaron Colvin,CB,Oklahoma,4,"$2,673,152","$453,152","$453,152","$464,464"
2014,Brandin Cooks,WR,5,10,70,189,4.33,3.81,6.76,36,120,16,Oregon St.,5.8,20,NOR,Brandin Cooks,WR,21,2015,22,Oregon St.,20,NOfrom ARI,Brandin Cooks,WR,Oregon State,4,"$8,383,452","$4,417,056","$7,601,853","$1,524,264"
2014,Scott Crichton,DE,6,3,75,273,4.84,0,7.19,31.5,108,24,Oregon St.,5.4,72,MIN,Scott Crichton,DE,22,2015,20,Oregon St.,72,MIN,Scott Crichton,DE,Oregon State,4,"$3,020,500","$656,324","$656,324","$584,081"
2014,Mike Davis,WR,6,0,72,197,0,0,0,0,0,10,Texas,5.2,126,SFO,Mike Davis,RB,22,2015,5,South Carolina,126,SFfrom DEN,Mike Davis,RB,South Carolina,4,"$2,748,781","$468,781","$468,781","$552,195"
2014,Darqueze Dennard,CB,5,11,71,199,4.51,0,0,0,0,15,Michigan St.,5.9,24,CIN,Darqueze Dennard,DB,22,2015,24,Michigan St.,24,CIN,Darqueze Dennard,CB,Michigan State,4,"$7,978,898","$4,122,835","$6,470,865","$1,450,708"
2014,Pierre Desir,CB,6,1,73,198,4.59,4.3,6.86,35,133,11,Lindenwood,5.3,127,CLE,Pierre Desir,DB,24,2015,16,Lindenwood,127,CLEfrom IND,Pierre Desir,CB,Lindenwood,4,"$2,627,612","$407,612","$407,612","$521,903"
2014,Ahmad Dixon,SS,6,0,72,212,4.64,4.5,7.55,32,111,14,Baylor,5.2,248,DAL,Ahmad Dixon,DB,23,2014,11,Baylor,248 (C),DAL,Ahmad Dixon,S,Baylor,4,"$2,265,896","$45,896","$45,896","$431,474"
2014,Brandon Dixon,CB,5,11,71,203,4.41,4.27,7.15,32.5,117,17,Northwest Missouri St.,5.2,195,NYJ,Brandon Dixon,DB,24,2014,14,NW Missouri St.,195,NYJ,Brandon Dixon,CB,Northwest Missouri State,4,"$2,323,864","$103,864","$103,864","$445,966"
2014,Aaron Donald,DT,6,1,73,285,4.68,0,7.11,32,116,35,Pittsburgh,5.4,13,STL,Aaron Donald,DT,23,2015,28,Pittsburgh,13,STL,Aaron Donald,DT,Pittsburgh,4,"$10,136,500","$5,692,000","$10,136,500","$1,843,000"
2014,Jonathan Dowling,SS,6,3,75,190,4.52,4.24,7.04,33.5,118,8,Western Kentucky,5.2,247,OAK,Jonathan Dowling,DB,22,2014,7,West. Kentucky,247,OAKfrom SEA,Jonathan Dowling,S,Western Kentucky,4,"$2,265,896","$45,896","$45,896","$403,945"
2014,Dakota Dozier,OT,6,4,76,313,5.42,4.89,8.14,24,101,23,Furman,5.4,137,NYJ,Dakota Dozier,OL,23,2015,4,Furman,137 (C),NYJ,Dakota Dozier,G,Furman,4,"$2,520,584","$300,584","$300,584","$495,146"
2014,Kony Ealy,DE,6,4,76,273,4.92,0,6.83,31,114,22,Missouri,5.8,60,CAR,Kony Ealy,DE,22,2015,27,Missouri,60,CAR,Kony Ealy,DE,Missouri,4,"$3,546,829","$899,512","$1,249,512","$644,878"
2014,Dominique Easley,DT,6,2,74,288,0,0,0,0,0,26,Florida,5.3,29,NWE,Dominique Easley,DT,22,2015,21,Florida,29,NE,Dominique Easley,DE,Florida,4,"$7,303,549","$3,631,672","$5,887,611","$1,327,918"
2014,Eric Ebron,TE,6,4,76,250,4.6,0,0,32,120,24,North Carolina,6.4,10,DET,Eric Ebron,TE,21,2015,23,North Carolina,10,DET,Eric Ebron,TE,North Carolina,4,"$12,249,149","$7,228,472","$12,249,149","$2,227,118"
2014,Kadeem Edwards,OG,6,4,76,313,5.25,4.82,7.95,27,99,26,Tennessee St.,5,143,TAM,Kadeem Edwards,OL,23,2014,0,Tennessee St.,143,TB,Kadeem Edwards,G,Tennessee State,4,"$2,432,000","$212,000","$212,000","$356,000"
2014,Bruce Ellington,WR,5,9,69,197,4.45,3.95,6.69,39.5,120,15,South Carolina,5.4,106,SFO,Bruce Ellington,WR,23,2015,22,South Carolina,106,SFfrom CLE,Bruce Ellington,WR,South Carolina,4,"$2,694,428","$474,428","$474,428","$538,607"
2014,Justin Ellis,DT,6,1,73,334,5.27,0,7.81,28,92,25,Louisiana Tech,4.8,107,OAK,Justin Ellis,DT,23,2015,24,Louisiana Tech,107,OAK,Justin Ellis,DT,Louisiana Tech,4,"$2,692,688","$472,688","$472,688","$538,172"
2014,IK Enemkpali,DE,6,1,73,261,5.01,0,7.67,34,112,28,Louisiana Tech,5.1,210,NYJ,IK Enemkpali,DT,23,2015,13,Louisiana Tech,210 (C),NYJ,IK Enemkpali,DE,Louisiana Tech,4,"$2,298,680","$78,680","$78,680","$439,670"
2014,Quincy Enunwa,WR,6,2,74,225,4.45,0,0,0,0,19,Nebraska,4.8,209,NYJ,Quincy Enunwa,WR,22,2015,9,Nebraska,209 (C),NYJ,Quincy Enunwa,WR,Nebraska,4,"$2,298,680","$78,680","$78,680","$439,670"
2014,Mike Evans,WR,6,5,77,231,4.53,4.26,7.08,37,0,12,Texas A&M,6.2,7,TAM,Mike Evans,WR,21,2015,26,Texas A&M,7,TB,Mike Evans,WR,Texas A&M,4,"$14,631,502","$8,961,092","$14,631,502","$2,660,273"
2014,Antone Exum,CB,6,0,72,213,4.59,4.13,7.05,35,117,17,Virginia Tech,5.4,182,MIN,Antone Exum,DB,23,2015,26,Virginia Tech,182,MINfrom ATL,Antone Exum,CB,Virginia Tech,4,"$2,335,788","$115,788","$115,788","$448,947"
2014,David Fales,QB,6,2,74,212,4.99,4.5,7.55,28,103,0,San Jose St.,5.2,183,CHI,David Fales,QB,23,2014,0,San Jose St.,183,CHIfrom TB,David Fales,QB,San Jose State,4,"$2,334,424","$114,424","$114,424","$448,606"
2014,Ego Ferguson,DT,6,3,75,315,0,0,0,0,0,24,LSU,5.5,51,CHI,Ego Ferguson,DT,23,2015,20,LSU,51,CHI,Ego Ferguson,DT,Louisiana State,4,"$4,113,203","$1,311,420","$1,918,384","$747,855"
2014,C.J. Fiedorowicz,TE,6,5,77,265,4.76,4.26,7.1,31.5,116,25,Iowa,5.5,65,HOU,C.J. Fiedorowicz,TE,22,2015,27,Iowa,65,HOU,C.J. Fiedorowicz,TE,Iowa,4,"$3,195,116","$703,304","$703,304","$595,826"
2014,Cameron Fleming,OT,6,5,77,323,5.28,5,8.24,23.5,97,26,Stanford,5.2,140,NWE,Cameron Fleming,T,22,2015,15,Stanford,140 (C),NE,Cameron Fleming,G,Stanford,4,"$2,520,584","$300,584","$300,584","$495,146"
2014,Dee Ford,DE,6,2,74,252,0,0,0,0,0,0,Auburn,5.4,23,KAN,Dee Ford,LB,23,2015,26,Auburn,23,KC,Dee Ford,DE,Auburn,4,"$8,158,700","$4,253,600","$6,206,150","$1,483,400"
2014,Khairi Fortt,ILB,6,2,74,248,4.7,0,0,36,120,30,California,5.2,126,NOR,Khairi Fortt,LB,22,2014,3,California,126,NO,Khairi Fortt,OLB,California,4,"$2,632,560","$412,560","$412,560","$420,000"
2014,Devonta Freeman,RB,5,8,68,206,4.58,4.26,7.11,31.5,118,0,Florida St.,5.6,103,ATL,Devonta Freeman,RB,22,2015,27,Florida St.,103,ATL,Devonta Freeman,RB,Florida State,4,"$2,704,424","$484,424","$484,424","$541,106"
2014,Kyle Fuller,CB,6,0,72,190,4.49,4.19,6.9,38.5,128,12,Virginia Tech,5.4,14,CHI,Kyle Fuller,DB,22,2015,28,Virginia Tech,14,CHI,Kyle Fuller,CB,Virginia Tech,4,"$9,687,002","$5,365,092","$9,687,002","$1,761,273"
2014,Zach Fulton,OG,6,5,77,316,5.16,5.16,7.87,24.5,98,25,Tennessee,5.3,193,KAN,Zach Fulton,G,23,2015,28,Tennessee,193,KCfrom DAL,Zach Fulton,G,Tennessee,4,"$2,349,220","$104,220","$104,220","$446,055"
2014,Tyler Gaffney,RB,5,11,71,220,4.49,4.18,6.78,36.5,116,0,Stanford,5.1,204,CAR,Tyler Gaffney,RB,23,2014,0,Stanford,204,CAR,Tyler Gaffney,RB,Stanford,4,"$2,316,600","$96,600","$96,600","$303,000"
2014,E.J. Gaines,CB,5,10,70,190,0,0,0,0,0,15,Missouri,5.3,188,STL,E.J. Gaines,DB,22,2014,15,Missouri,188,STL,E.J. Gaines,CB,Missouri,4,"$2,327,672","$107,672","$107,672","$446,918"
2014,Phillip Gaines,CB,6,0,72,193,4.38,4.04,6.62,36.5,122,11,Rice,4.5,87,KAN,Phillip Gaines,DB,23,2015,16,Rice,87,KC,Phillip Gaines,CB,Rice,4,"$2,824,112","$549,112","$549,112","$557,278"
2014,Jeremy Gallon,WR,5,7,67,185,4.49,0,0,0,0,15,Michigan,5,244,NWE,Jeremy Gallon,WR,24,,,Michigan,244,NE,Jeremy Gallon,WR,Michigan,4,"$2,267,592","$47,592","$47,592","$431,898"
2014,Jimmy Garoppolo,QB,6,2,74,226,4.97,4.26,7.04,30.5,110,0,Eastern Illinois,5.4,62,NWE,Jimmy Garoppolo,QB,22,2015,10,East. Illinois,62,NE,Jimmy Garoppolo,QB,Eastern Illinois,4,"$3,483,898","$853,744","$1,103,744","$633,436"
2014,Jeremiah George,ILB,5,11,71,234,4.91,0,0,33,116,28,Iowa St.,5.2,154,NYJ,Jeremiah George,LB,22,2015,18,Iowa St.,154,NYJ,Jeremiah George,ILB,Iowa State,4,"$2,411,752","$191,752","$191,752","$467,938"
2014,Justin Gilbert,CB,6,0,72,202,4.37,0,6.92,35.5,126,20,Oklahoma St.,6.3,8,CLE,Justin Gilbert,DB,22,2015,22,Oklahoma St.,8,CLEfrom MIN,Justin Gilbert,CB,Oklahoma State,4,"$12,833,502","$7,653,456","$12,833,502","$2,333,364"
2014,Crockett Gillmore,TE,6,6,78,260,4.89,4.44,7.42,33.5,120,0,Colorado St.,5,99,BAL,Crockett Gillmore,TE,22,2015,25,Colorado St.,99 (C),BAL,Crockett Gillmore,TE,Colorado State,4,"$2,726,016","$506,016","$506,016","$546,504"
2014,Demetri Goodson,CB,5,11,71,194,4.52,4.34,6.8,37,123,11,Baylor,5,197,GNB,Demetri Goodson,DB,25,2015,16,Baylor,197,GB,Demetri Goodson,CB,Baylor,4,"$2,323,152","$103,152","$103,152","$445,788"
2014,Ryan Grant,WR,6,0,72,199,4.64,4.11,6.68,35.5,119,8,Tulane,5.1,142,WAS,Ryan Grant,WR,23,2015,28,Tulane,142,WAS,Ryan Grant,WR,Tulane,4,"$2,433,612","$213,612","$213,612","$473,403"
2014,Marion Grice,RB,6,0,72,208,0,0,0,0,0,0,Arizona State,5.2,201,SDG,Marion Grice,RB,23,2014,10,Arizona St.,201,SD,Marion Grice,RB,Arizona State,4,"$2,318,896","$98,896","$98,896","$444,724"
2014,Ra'Shede Hageman,DT,6,6,78,310,5.02,0,7.87,35.5,114,32,Minnesota,6.1,37,ATL,Ra'Shede Hageman,DT,24,2015,28,Minnesota,37,ATL,Ra'Shede Hageman,DT,Minnesota,4,"$5,335,842","$2,200,612","$3,283,150","$970,153"
2014,Andre Hal,CB,5,10,70,188,4.5,4.27,7.14,35.5,119,15,Vanderbilt,5.2,216,HOU,Andre Hal,DB,22,2015,26,Vanderbilt,216,HOU,Andre Hal,CB,Vanderbilt,4,"$2,289,124","$69,124","$69,124","$437,281"
2014,Jon Halapio,OG,6,3,75,323,5.34,4.83,8.26,21.5,100,0,Florida,5,179,NWE,Jon Halapio,OL,23,2014,0,Florida,179,NEfrom JAC,Jon Halapio,G,Florida,4,"$2,343,100","$123,100","$123,100","$450,775"
2014,Taylor Hart,DE,6,6,78,281,0,0,0,0,0,21,Oregon,5.3,141,PHI,Taylor Hart,DE,23,2015,10,Oregon,141,PHIfrom HOU,Taylor Hart,DE,Oregon,4,"$2,510,658","$215,512","$215,512","$473,878"
2014,Matt Hazel,WR,6,1,73,198,4.5,4.2,7.08,36.5,118,15,Coastal Carolina,5.2,190,MIA,Matt Hazel,WR,22,2015,1,Coastal Carolina,190,MIA,Matt Hazel,WR,Coastal Carolina,4,"$2,325,800","$105,800","$105,800","$446,450"
2014,Seantrel Henderson,OT,6,7,79,331,5.04,4.77,8.15,24,95,0,Miami,5.6,237,BUF,Seantrel Henderson,OL,22,2015,26,Miami (FL),237,BUFfrom PHI,Seantrel Henderson,RT,Miami (FL),4,"$2,270,880","$50,880","$50,880","$432,720"
2014,Robert Herron,WR,5,9,69,193,4.48,4.27,6.84,35.5,125,18,Wyoming,5.2,185,TAM,Robert Herron,WR,22,2014,8,Wyoming,185,TBfrom BUF,Robert Herron,WR,Wyoming,4,"$2,332,000","$112,000","$112,000","$448,000"
2014,Jeremy Hill,RB,6,1,73,233,4.66,0,0,29,113,20,LSU,5.8,55,CIN,Jeremy Hill,RB,21,2015,28,LSU,55,CIN,Jeremy Hill,RB,Louisiana State,4,"$3,753,602","$1,049,892","$1,640,510","$682,473"
2014,Anthony Hitchens,OLB,6,0,72,240,4.74,4.45,7.15,31.5,116,23,Iowa,5,119,DAL,Anthony Hitchens,LB,22,2015,28,Iowa,119,DAL,Anthony Hitchens,OLB,Iowa,4,"$2,654,864","$434,864","$434,864","$528,716"
2014,Zach Hocker,K,6,0,72,189,0,0,0,0,0,0,Arkansas,4.5,228,WAS,Zach Hocker,K,23,2015,8,Arkansas,228,WASfrom TEN,Zach Hocker,K,Arkansas,4,"$2,280,248","$60,248","$60,248","$435,062"
2014,Josh Huff,WR,5,11,71,206,4.51,0,0,35.5,116,14,Oregon,5.3,86,PHI,Josh Huff,WR,22,2015,23,Oregon,86,PHI,Josh Huff,WR,Oregon,4,"$2,820,944","$555,944","$555,944","$558,986"
2014,Marqueston Huff,FS,5,11,71,196,4.49,4.19,7.26,35.5,118,15,Wyoming,5.7,122,TEN,Marqueston Huff,DB,22,2015,26,Wyoming,122,TENfrom PHI,Marqueston Huff,CB,Wyoming,4,"$2,645,204","$425,204","$425,204","$526,301"
2014,Carlos Hyde,RB,6,0,72,230,4.66,0,0,34.5,114,19,Ohio St.,6.2,57,SFO,Carlos Hyde,RB,23,2015,21,Ohio St.,57,"SFfrom SD 
via MIA",Carlos Hyde,RB,Ohio State,4,"$3,681,678","$997,584","$1,954,933","$669,396"
2014,Andrew Jackson,ILB,6,1,73,254,0,0,0,0,0,0,Western Kentucky,5.2,203,IND,Andrew Jackson,LB,22,2014,13,West. Kentucky,203,IND,Andrew Jackson,ILB,Western Kentucky,4,"$2,317,000","$97,000","$97,000","$444,250"
2014,Bennett Jackson,CB,6,0,72,195,4.51,4,6.75,38,128,13,Notre Dame,5.2,187,NYG,Bennett Jackson,DB,23,2014,0,Notre Dame,187,NYG,Bennett Jackson,CB,Notre Dame,4,"$2,330,060","$110,060","$100,060","$447,515"
2014,Gabe Jackson,OG,6,3,75,336,5.51,4.78,8.25,29,108,30,Mississippi St.,6,81,OAK,Gabe Jackson,G,23,2015,25,Mississippi St.,81,OAKfrom MIA,Gabe Jackson,G,Mississippi,4,"$2,952,789","$591,376","$591,376","$567,844"
2014,Ja'Wuan James,OT,6,6,78,311,5.34,4.56,7.42,29,103,22,Tennessee,5.6,19,MIA,Ja'Wuan James,T,22,2015,23,Tennessee,19,MIA,Ja'Wuan James,RT,Tennessee,4,"$8,428,398","$4,449,744","$8,428,398","$1,532,436"
2014,Kendall James,CB,5,10,70,180,4.44,4.19,6.81,39,0,9,Maine,5.3,184,MIN,Kendall James,DB,23,2014,0,Maine,184,MIN,Kendall James,CB,Maine,4,"$2,333,452","$113,452","$113,452","$448,363"
2014,Jeff Janis,WR,6,3,75,219,4.42,3.98,6.64,37.5,123,20,Saginaw Valley St.,5.3,236,GNB,Jeff Janis,WR,23,2015,15,Saginaw Valley St.,236,GB,Jeff Janis,WR,Saginaw Valley State,4,"$2,271,392","$51,392","$51,392","$432,848"
2014,Stanley Jean-Baptiste,CB,6,3,75,218,4.61,4.33,0,41.5,128,13,Nebraska,5.3,58,NOR,Stanley Jean-Baptiste,DB,24,2014,4,Nebraska,58,NO,Stanley Jean-Baptiste,CB,Nebraska,4,"$3,636,732","$964,896","$1,391,046","$661,224"
2014,Timmy Jernigan,NT,6,2,74,299,5.06,0,0,29.5,102,27,Florida St.,5.6,48,BAL,Timmy Jernigan,DT,22,2015,23,Florida St.,48,BAL,Timmy Jernigan,DT,Florida State,4,"$4,382,517","$1,507,564","$2,126,787","$796,891"
2014,Dontae Johnson,CB,6,2,74,200,4.45,4.24,6.82,38.5,124,12,N.C. State,5.3,129,SFO,Dontae Johnson,DB,22,2015,28,North Carolina St.,129,SF,Dontae Johnson,CB,North Carolina State,4,"$2,620,544","$400,544","$400,544","$520,136"
2014,Storm Johnson,RB,6,0,72,209,4.6,0,0,35.5,118,16,Central Florida,5.3,222,JAX,Storm Johnson,RB,22,2014,6,Central Florida,222,JAC,Storm Johnson,RB,Central Florida,4,"$2,282,728","$62,728","$62,728","$435,682"
2014,Wesley Johnson,OT,6,5,77,297,5.11,4.64,7.4,29,111,26,Vanderbilt,5.2,173,PIT,Wesley Johnson,OL,23,2015,8,Vanderbilt,173 (C),PIT,Wesley Johnson,C,Vanderbilt,4,"$2,364,560","$144,560","$144,560","$271,764"
2014,DaQuan Jones,DT,6,4,76,322,5.35,0,7.73,27.5,101,25,Penn St.,5.6,112,TEN,DaQuan Jones,DT,22,2015,19,Penn St.,112,TEN,DaQuan Jones,DT,Penn State,4,"$2,675,400","$455,400","$455,400","$533,850"
2014,Devon Kennard,OLB,6,3,75,249,4.7,4.32,7.25,30,113,23,USC,5.1,174,NYG,Devon Kennard,DE,23,2015,21,USC,174 (C),NYG,Devon Kennard,OLB,Southern California,4,"$2,364,560","$144,560","$144,560","$456,140"
2014,Christian Kirksey,OLB,6,2,74,233,0,0,0,32,122,16,Iowa,5.2,71,CLE,Christian Kirksey,LB,22,2015,28,Iowa,71,CLE,Christian Kirksey,ILB,Iowa,4,"$3,040,000","$662,500","$662,500","$585,625"
2014,Cyrus Kouandjio,OT,6,7,79,322,5.59,4.84,7.71,27.5,96,21,Alabama,5.8,44,BUF,Cyrus Kouandjio,T,21,2015,9,Alabama,44,BUFfrom STL,Cyrus Kouandjio,LT,Alabama,4,"$4,808,821","$1,817,324","$2,825,907","$874,331"
2014,Jarvis Landry,WR,5,11,71,205,4.77,0,0,28.5,110,12,LSU,5.6,63,MIA,Jarvis Landry,WR,21,2015,28,LSU,63,"MIAfrom DEN 
via SF",Jarvis Landry,WR,Louisiana State,4,"$3,474,911","$847,208","$1,067,208","$631,802"
2014,Cody Latimer,WR,6,2,74,215,0,0,0,0,0,23,Indiana,5.2,56,DEN,Cody Latimer,WR,21,2015,19,Indiana,56,"DENfrom KC 
via SF",Cody Latimer,WR,Indiana,4,"$3,708,650","$1,017,200","$2,025,775","$674,300"
2014,Nevin Lawson,CB,5,9,69,190,4.48,4.4,7.12,33,120,16,Utah St.,4.8,133,DET,Nevin Lawson,DB,23,2015,12,Utah St.,133 (C),DET,Nevin Lawson,CB,Utah State,4,"$2,520,584","$300,584","$300,584","$391,911"
2014,Marqise Lee,WR,6,0,72,192,4.52,4.01,0,38,127,0,USC,6.2,39,JAX,Marqise Lee,WR,22,2015,19,USC,39,JAC,Marqise Lee,WR,Southern California,4,"$5,174,022","$2,082,924","$3,158,107","$940,731"
2014,Taylor Lewan,OT,6,7,79,309,4.87,4.49,7.39,30.5,117,29,Michigan,6.2,11,TEN,Taylor Lewan,T,23,2015,23,Michigan,11,TEN,Taylor Lewan,LT,Michigan,4,"$11,485,004","$6,672,730","$11,485,004","$2,088,183"
2014,Brandon Linder,OG,6,6,78,311,5.35,0,0,26.5,100,30,Miami,5.3,93,JAX,Brandon Linder,OL,22,2015,18,Miami (FL),93,JACfrom NE,Brandon Linder,G,Miami (FL),4,"$2,789,600","$533,600","$533,600","$553,400"
2014,Corey Linsley,C,6,3,75,296,0,0,0,27,0,36,Ohio St.,5.1,161,GNB,Corey Linsley,C,23,2015,27,Ohio St.,161,GB,Corey Linsley,C,Ohio State,4,"$2,405,000","$185,000","$185,000","$466,250"
2014,Spencer Long,OG,6,5,77,320,0,0,0,0,0,0,Nebraska,5.3,78,WAS,Spencer Long,G,23,2015,14,Nebraska,78,WASfrom DAL,Spencer Long,G,Nebraska,4,"$2,863,800","$613,800","$613,800","$573,450"
2014,Arthur Lynch,TE,6,5,77,258,4.82,4.35,7.38,29.5,116,28,Georgia,5.1,155,MIA,Arthur Lynch,TE,24,2014,0,Georgia,155,MIA,Arthur Lynch,TE,Georgia,4,"$2,411,300","$191,300","$191,300","$350,825"
2014,Khalil Mack,OLB,6,3,75,251,4.65,4.18,7.08,40,128,23,Buffalo,6.7,5,OAK,Khalil Mack,LB,23,2015,28,Buffalo,5,OAK,Khalil Mack,OLB,Buffalo,4,"$18,676,999","$11,903,272","$18,676,999","$3,395,818"
2014,Johnny Manziel,QB,6,0,72,207,4.68,4.03,6.75,31.5,113,0,Texas A&M,5.9,22,CLE,Johnny Manziel,QB,21,2015,12,Texas A&M,22,CLEfrom PHI,Johnny Manziel,QB,Texas A&M,4,"$8,248,596","$4,318,980","$7,998,596","$1,499,745"
2014,Cassius Marsh,DE,6,4,76,252,4.89,0,7.08,32,108,14,UCLA,5.4,108,SEA,Cassius Marsh,DE,22,2015,17,UCLA,108,SEAfrom MIN,Cassius Marsh,DE,California-Los Angeles,4,"$2,690,252","$470,252","$470,252","$461,857"
2014,Kareem Martin,DE,6,6,78,272,4.72,0,7.2,35.5,129,22,North Carolina,5.3,84,ARI,Kareem Martin,DE,22,2015,23,North Carolina,84,ARI,Kareem Martin,DE,North Carolina,4,"$2,843,560","$567,560","$567,560","$561,890"
2014,Marcus Martin,C,6,3,75,320,0,0,0,0,0,23,USC,5.5,70,SFO,Marcus Martin,C,20,2015,20,USC,70,SFfrom JAC,Marcus Martin,C,Southern California,4,"$3,069,248","$671,248","$671,248","$587,812"
2014,Zack Martin,OT,6,4,76,308,0,4.59,7.65,28,106,29,Notre Dame,6,16,DAL,Zack Martin,G,23,2015,28,Notre Dame,16,DAL,Zack Martin,G,Notre Dame,4,"$8,967,800","$4,842,036","$8,967,800","$1,630,509"
2014,Tre Mason,RB,5,8,68,207,4.5,4.15,0,38.5,126,0,Auburn,5.8,75,STL,Tre Mason,RB,21,2015,21,Auburn,75,STL,Tre Mason,RB,Auburn,4,"$2,980,938","$637,500","$637,500","$579,375"
2014,Jordan Matthews,WR,6,3,75,212,4.46,4.18,6.95,35.5,120,21,Vanderbilt,5.6,42,PHI,Jordan Matthews,WR,22,2015,28,Vanderbilt,42,PHIfrom TEN,Jordan Matthews,WR,Vanderbilt,4,"$4,949,269","$1,919,468","$2,984,435","$899,867"
2014,Daniel McCullers,DT,6,7,79,352,0,0,0,20.5,97,27,Tennessee,5.6,215,PIT,Daniel McCullers,DT,22,2015,17,Tennessee,215 (C),PIT,Daniel McCullers,DT,Tennessee,4,"$2,298,680","$78,680","$78,680","$439,670"
2014,Dexter McDougle,CB,5,10,70,196,0,0,0,0,0,0,Maryland,5.1,80,NYJ,Dexter McDougle,DB,23,2015,11,Maryland,80,NYJ,Dexter McDougle,CB,Maryland,4,"$2,863,876","$598,876","$598,876","$452,719"
2014,Keith McGill,CB,6,3,75,211,4.51,4.18,7.29,39,129,0,Utah,5.4,116,OAK,Keith McGill,DB,25,2015,21,Utah,116,OAKfrom MIA,Keith McGill,CB,Utah,4,"$2,665,200","$445,200","$445,200","$531,300"
2014,Jerick McKinnon,RB,5,9,69,209,4.41,4.12,6.83,40.5,132,32,Georgia Southern,5.2,96,MIN,Jerick McKinnon,RB,22,2015,23,Georgia Southern,96,MINfrom SEA,Jerick McKinnon,RB,Georgia Southern,4,"$2,765,000","$515,000","$515,000","$521,221"
2014,Zach Mettenberger,QB,6,5,77,224,0,0,0,0,0,0,LSU,5.3,178,TEN,Zach Mettenberger,QB,23,2015,11,LSU,178,TENfrom WAS,Zach Mettenberger,QB,Louisiana State,4,"$2,345,116","$125,116","$125,116","$451,279"
2014,Jack Mewhort,OT,6,6,78,309,5.37,4.64,7.79,26,101,28,Ohio St.,5.6,59,IND,Jack Mewhort,T,23,2015,26,Ohio St.,59,IND,Jack Mewhort,G,Ohio State,4,"$3,573,801","$919,128","$1,336,128","$649,782"
2014,Trey Millard,FB,6,2,74,247,0,0,0,0,0,0,Oklahoma,5.1,245,SFO,Trey Millard,FB,23,2014,0,Oklahoma,245,SF,Trey Millard,FB,Oklahoma,4,"$2,267,148","$47,148","$47,148","$431,787"
2014,Terrance Mitchell,CB,5,11,71,192,4.63,4,6.57,34,117,0,Oregon,5.2,254,DAL,Terrance Mitchell,DB,22,2015,5,Oregon,254 (C),DAL,Terrance Mitchell,CB,Oregon,4,"$2,265,896","$45,896","$45,896","$271,764"
2014,Donte Moncrief,WR,6,2,74,221,4.4,4.3,7.02,39.5,132,13,Mississippi,5.8,90,IND,Donte Moncrief,WR,21,2015,28,Mississippi,90,IND,Donte Moncrief,WR,Mississippi,4,"$2,808,520","$543,520","$543,520","$555,880"
2014,Zach Moore,DE,6,5,77,269,4.84,0,7.41,33.5,123,23,Concordia (MN),5.3,198,NWE,Zach Moore,DE,24,2014,8,Concordia-St.Paul (MN),198,NEfrom PHI,Zach Moore,DE,Concordia,4,"$2,322,200","$102,200","$102,200","$445,550"
2014,Morgan Moses,OT,6,6,78,314,5.35,4.95,7.93,21.5,106,0,Virginia,5.3,66,WAS,Morgan Moses,OL,23,2015,20,Virginia,66,WAS,Morgan Moses,LT,Virginia,4,"$3,172,576","$697,576","$697,576","$573,747"
2014,C.J. Mosley,ILB,6,2,74,234,0,4.4,7.3,35,118,0,Alabama,6.5,17,BAL,C.J. Mosley,LB,22,2015,28,Alabama,17,BAL,C.J. Mosley,ILB,Alabama,4,"$8,788,002","$4,711,272","$8,788,002","$1,597,818"
2014,Trent Murphy,OLB,6,5,77,250,4.86,4.2,6.78,35.5,118,19,Stanford,5.6,47,WAS,Trent Murphy,LB,23,2015,27,Stanford,47,WASfrom DAL,Trent Murphy,OLB,Stanford,4,"$4,472,798","$1,572,944","$2,616,253","$813,236"
2014,Jonathan Newsome,DE,6,3,75,247,4.73,0,7.31,34,117,21,Ball St.,5.2,166,IND,Jonathan Newsome,LB,23,2015,26,Ball St.,166,IND,Jonathan Newsome,OLB,Ball State,4,"$2,398,108","$178,108","$178,108","$464,527"
2014,Troy Niklas,TE,6,6,78,270,0,4.55,7.57,32,114,27,Notre Dame,5.6,52,ARI,Troy Niklas,TE,22,2015,19,Notre Dame,52,ARI,Troy Niklas,TE,Notre Dame,4,"$4,023,300","$1,246,036","$1,848,913","$731,509"
2014,Louis Nix,NT,6,2,74,331,5.42,0,8.29,25.5,97,0,Notre Dame,5.9,83,HOU,Louis Nix,DT,23,2015,4,Notre Dame,83,"HOUfrom PIT 
via CLE 
via PHI",Louis Nix,DT,Notre Dame,4,"$2,852,252","$575,252","$575,252","$467,460"
2014,Kevin Norwood,WR,6,2,74,198,4.48,4.32,6.68,33,121,8,Alabama,5.2,123,SEA,Kevin Norwood,WR,25,2015,10,Alabama,123,SEAfrom CIN,Kevin Norwood,WR,Alabama,4,"$2,640,108","$420,108","$420,108","$525,027"
2014,Pat O'Donnell,P,6,4,76,220,4.64,0,0,30.5,0,23,Miami,5,191,CHI,Pat O'Donnell,P,23,2015,27,Miami (FL),191,CHI,Pat O'Donnell,P,Miami (FL),4,"$2,325,308","$105,308","$105,308","$446,327"
2014,Jeoffrey Pagan,DE,6,3,75,310,0,0,0,0,0,0,Alabama,5.3,177,HOU,Jeoffrey Pagan,DE,21,2015,21,Alabama,177,HOU,Jeoffrey Pagan,DE,Alabama,4,"$2,348,820","$128,820","$128,820","$452,205"
2014,Kevin Pierre-Louis,OLB,6,0,72,232,4.51,4.02,6.92,39,128,28,Boston College,4.6,132,SEA,Kevin Pierre-Louis,LB,22,2015,17,Boston Col.,132,SEA,Kevin Pierre-Louis,OLB,Boston College,4,"$2,605,652","$385,652","$385,652","$399,413"
2014,Ronald Powell,OLB,6,3,75,237,4.65,0,0,35.5,114,21,Florida,5.4,169,NOR,Ronald Powell,LB,23,2014,14,Florida,169,"NOfrom NE 
via PHI",Ronald Powell,OLB,Florida,4,"$2,388,860","$168,860","$168,860","$462,215"
2014,Jabari Price,CB,5,10,70,200,4.45,4.3,7.04,0,0,16,North Carolina,5,225,MIN,Jabari Price,DB,22,2014,14,North Carolina,225,"MINfrom NYG 
via CAR",Jabari Price,CB,North Carolina,4,"$2,281,820","$61,820","$61,820","$435,455"
2014,Calvin Pryor,FS,5,11,71,207,4.58,0,0,34.5,116,18,Louisville,6.2,18,NYJ,Calvin Pryor,DB,22,2015,25,Louisville,18,NYJ,Calvin Pryor,S,Louisville,4,"$8,563,253","$4,547,820","$8,563,253","$1,556,955"
2014,Kaleb Ramsey,DE,6,3,75,293,0,0,0,0,0,36,Boston College,5,243,SFO,Kaleb Ramsey,DE,25,2014,0,Boston Col.,243,SFfrom CAR,Kaleb Ramsey,DT,Boston College,4,"$2,268,200","$48,200","$48,200","$335,697"
2014,Keith Reaser,CB,5,10,70,189,0,0,0,0,0,22,Florida Atlantic,5.1,170,SFO,Keith Reaser,DB,23,2015,10,Florida Atlantic,170,SF,Keith Reaser,CB,Florida Atlantic,4,"$2,384,800","$164,800","$164,800","$461,200"
2014,Tevin Reese,WR,5,10,70,163,4.46,4.18,6.63,41,132,0,Baylor,5.2,240,SDG,Tevin Reese,WR,23,2014,0,Baylor,240,SD,Tevin Reese,WR,Baylor,4,"$2,269,432","$49,432","$49,432","$432,358"
2014,Caraun Reid,DT,6,2,74,302,4.91,0,7.59,26.5,106,20,Princeton,5.2,158,DET,Caraun Reid,DT,22,2015,22,Princeton,158,DETfrom DAL,Caraun Reid,DT,Princeton,4,"$2,408,880","$188,880","$188,880","$467,220"
2014,Trevor Reilly,OLB,6,5,77,245,0,0,0,0,0,26,Utah,5.4,233,NYJ,Trevor Reilly,LB,26,2015,25,Utah,233,NYJ,Trevor Reilly,OLB,Utah,4,"$2,276,848","$56,848","$56,848","$434,212"
2014,Ed Reynolds,FS,6,1,73,207,4.57,0,0,32.5,117,15,Stanford,5.1,162,PHI,Ed Reynolds,DB,22,2015,2,Stanford,162,PHI,Ed Reynolds,S,Stanford,4,"$2,404,192","$184,192","$184,192","$466,048"
2014,Cyril Richardson,OG,6,5,77,329,5.36,4.83,7.7,25.5,91,25,Baylor,5.4,153,BUF,Cyril Richardson,G,23,2014,12,Baylor,153,BUFfrom STL,Cyril Richardson,G,Baylor,4,"$2,412,000","$192,000","$192,000","$468,000"
2014,Paul Richardson,WR,6,0,72,175,4.4,0,7.09,38,124,0,Colorado,5.3,45,SEA,Paul Richardson,WR,22,2015,16,Colorado,45,SEAfrom DET,Paul Richardson,WR,Colorado,4,"$4,712,835","$1,747,516","$2,381,736","$856,879"
2014,Weston Richburg,C,6,3,75,298,5.1,4.63,7.93,25.5,106,25,Colorado St.,5.3,43,NYG,Weston Richburg,OL,23,2015,27,Colorado St.,43,NYG,Weston Richburg,C,Colorado State,4,"$4,877,351","$1,867,164","$2,928,861","$886,791"
2014,Allen Robinson,WR,6,2,74,220,4.6,4,7,39,127,0,Penn St.,5.7,61,JAX,Allen Robinson,WR,21,2015,22,Penn St.,61,JACfrom SF,Allen Robinson,WR,Penn State,4,"$3,510,870","$873,360","$1,173,360","$638,340"
2014,Greg Robinson,OT,6,5,77,332,4.92,4.86,7.8,28.5,113,32,Auburn,6.8,2,STL,Greg Robinson,T,21,2015,28,Auburn,2,STLfrom WAS,Greg Robinson,LT,Auburn,4,"$21,284,098","$13,799,344","$21,284,098","$3,869,836"
2014,Bradley Roby,CB,5,11,71,194,4.39,4.04,0,38.5,124,17,Ohio St.,6,31,DEN,Bradley Roby,DB,22,2015,28,Ohio St.,31,DEN,Bradley Roby,CB,Ohio State,4,"$6,952,528","$3,376,384","$5,584,456","$1,264,096"
2014,Richard Rodgers,TE,6,4,76,257,4.87,4.47,7.23,31.5,116,16,California,5.2,98,GNB,Richard Rodgers,TE,22,2015,28,California,98 (C),GB,Richard Rodgers,TE,California,4,"$2,761,016","$506,016","$506,016","$546,504"
2014,Michael Sam,DE,6,2,74,261,4.91,0,7.8,25.5,114,17,Missouri,5.2,249,STL,Michael Sam,DE,24,2014,0,Missouri,249 (C),STL,Michael Sam,DE,Missouri,4,"$2,265,896","$45,896","$45,896","$431,474"
2014,Bishop Sankey,RB,5,9,69,209,4.49,4,6.75,35.5,126,26,Washington,5.3,54,TEN,Bishop Sankey,RB,22,2015,26,Washington,54,TENfrom PHI,Bishop Sankey,RB,Washington,4,"$3,843,446","$1,115,272","$1,709,976","$698,818"
2014,Jalen Saunders,WR,5,9,69,165,4.44,0,0,34,122,0,Oklahoma,5.2,104,NYJ,Jalen Saunders,WR,22,2014,15,Oklahoma,104,NYJfrom TB,Jalen Saunders,WR,Oklahoma,4,"$2,701,448","$481,448","$481,448","$540,362"
2014,Tom Savage,QB,6,4,76,228,4.97,4.36,7.33,27,105,0,Pittsburgh,5.2,135,HOU,Tom Savage,QB,24,2014,2,Pittsburgh,135 (C),HOU,Tom Savage,QB,Pittsburgh,4,"$2,520,584","$300,584","$300,584","$495,146"
2014,Michael Schofield,OT,6,6,78,301,5.01,4.57,7.62,24,93,0,Michigan,5.2,95,DEN,Michael Schofield,OL,23,2015,9,Michigan,95,DEN,Michael Schofield,RT,Michigan,4,"$2,777,200","$521,200","$521,200","$550,300"
2014,Lache Seastrunk,RB,5,9,69,201,4.51,0,0,41.5,134,15,Baylor,5.3,186,WAS,Lache Seastrunk,RB,23,2014,0,Baylor,186,WASfrom TEN,Lache Seastrunk,RB,Baylor,4,"$2,330,500","$110,500","$110,500","$447,625"
2014,Austin Seferian-Jenkins,TE,6,5,77,262,0,0,0,0,0,20,Washington,5.5,38,TAM,Austin Seferian-Jenkins,TE,22,2015,12,Washington,38,TB,Austin Seferian-Jenkins,TE,Washington,4,"$5,254,920","$2,141,760","$2,800,620","$955,440"
2014,Ryan Shazier,OLB,6,1,73,237,0,4.21,6.91,42,130,25,Ohio St.,6.2,15,PIT,Ryan Shazier,LB,22,2015,17,Ohio St.,15,PIT,Ryan Shazier,ILB,Ohio State,4,"$9,507,212","$5,234,336","$9,507,212","$1,728,584"
2014,Charles Sims,RB,6,0,72,214,4.48,4.3,7.16,37.5,126,17,West Virginia,5.4,69,TAM,Charles Sims,RB,24,2015,20,West Virginia,69,TB,Charles Sims,RB,West Virginia,4,"$3,073,320","$684,092","$684,092","$535,964"
2014,Yawin Smallwood,OLB,6,2,74,246,5.01,0,0,36.5,108,18,Connecticut,5.4,253,ATL,Yawin Smallwood,LB,22,2014,0,Connecticut,253 (C),ATL,Yawin Smallwood,ILB,Connecticut,4,"$2,265,896","$45,896","$45,896","$431,474"
2014,Marcus Smith,DE,6,3,75,251,4.68,0,7.48,35,121,23,Louisville,5.4,26,PHI,Marcus Smith,LB,22,2015,17,Louisville,26,"PHIfrom IND 
via CLE",Marcus Smith,OLB,Louisville,4,"$7,799,088","$3,992,064","$6,315,576","$1,418,016"
2014,Telvin Smith,ILB,6,3,75,218,4.52,0,0,31.5,119,0,Florida St.,5.3,144,JAX,Telvin Smith,LB,23,2015,28,Florida St.,144,JAC,Telvin Smith,OLB,Florida State,4,"$2,431,052","$211,052","$211,052","$472,763"
2014,Dezmen Southward,FS,6,0,72,211,0,0,0,0,0,0,Wisconsin,5.2,68,ATL,Dezmen Southward,DB,23,2015,19,Wisconsin,68,ATL,Dezmen Southward,S,Wisconsin,4,"$3,125,000","$690,832","$690,832","$592,708"
2014,Tyler Starr,OLB,6,4,76,250,4.95,4.15,6.64,32,116,24,South Dakota,4.9,255,ATL,Tyler Starr,LB,23,2014,0,South Dakota,255 (C),ATL,Tyler Starr,OLB,South Dakota,4,"$2,265,896","$45,896","$45,896","$431,474"
2014,Shamar Stephen,DT,6,5,77,309,5.25,0,0,30.5,103,25,Connecticut,5.4,220,MIN,Shamar Stephen,DT,23,2015,21,Connecticut,220,MINfrom ATL,Shamar Stephen,DT,Connecticut,4,"$2,285,148","$65,148","$65,148","$436,287"
2014,Ed Stinson,DE,6,3,75,287,0,0,0,0,0,0,Alabama,5.8,160,ARI,Ed Stinson,DE,24,2015,21,Alabama,160,ARI,Ed Stinson,DE,Alabama,4,"$2,406,740","$186,740","$186,740","$452,920"
2014,Bryan Stork,C,6,4,76,315,0,0,0,0,0,0,Florida St.,5.2,105,NWE,Bryan Stork,C,23,2015,18,Florida St.,105,NEfrom JAC,Bryan Stork,C,Florida State,4,"$2,697,000","$477,000","$477,000","$539,250"
2014,Devin Street,WR,6,3,75,198,4.55,4.01,6.89,37,124,0,Pittsburgh,5.2,146,DAL,Devin Street,WR,23,2015,27,Pittsburgh,146,"DALfrom OAK 
via SEA 
via DET",Devin Street,WR,Pittsburgh,4,"$2,421,972","$201,972","$201,972","$470,493"
2014,Xavier Su'a-Filo,OG,6,4,76,307,5.04,4.44,7.6,25,102,25,UCLA,5.6,33,HOU,Xavier Su'a-Filo,G,23,2015,20,UCLA,33,HOU,Xavier Su'a-Filo,G,California-Los Angeles,4,"$5,551,601","$2,357,528","$3,967,700","$1,009,382"
2014,Vinnie Sunseri,SS,5,11,71,210,0,0,0,0,0,18,Alabama,5.1,167,NOR,Vinnie Sunseri,DB,22,2014,9,Alabama,167,NO,Vinnie Sunseri,S,Alabama,4,"$2,396,500","$176,500","$176,500","$464,125"
2014,Will Sutton,DT,6,0,72,303,5.36,0,7.93,28.5,99,24,Arizona State,5.6,82,CHI,Will Sutton,DT,22,2015,24,Arizona St.,82,CHI,Will Sutton,DT,Arizona State,4,"$2,851,068","$586,068","$586,068","$566,517"
2014,Travis Swanson,C,6,5,77,312,5.28,4.65,7.73,26,95,20,Arkansas,5.5,76,DET,Travis Swanson,C,23,2015,27,Arkansas,76,DET,Travis Swanson,C,Arkansas,4,"$2,956,972","$619,472","$619,472","$574,868"
2014,Lorenzo Taliaferro,RB,6,0,72,229,4.58,4.22,6.88,33,118,18,Coastal Carolina,5,138,BAL,Lorenzo Taliaferro,RB,22,2015,16,Coastal Carolina,138 (C),BAL,Lorenzo Taliaferro,RB,Coastal Carolina,4,"$2,520,584","$300,584","$300,584","$481,381"
2014,Brandon Thomas,OT,6,3,75,317,5.09,4.83,8.13,29,98,35,Clemson,5.4,100,SFO,Brandon Thomas,OL,23,2014,0,Clemson,100 (C),SF,Brandon Thomas,G,Clemson,4,"$2,726,106","$506,016","$506,016","$546,504"
2014,De'Anthony Thomas,RB,5,9,69,174,4.5,0,0,32,124,8,Oregon,5.5,124,KAN,De'Anthony Thomas,RB,21,2015,22,Oregon,124,KC,De'Anthony Thomas,WR,Oregon,4,"$2,665,108","$420,108","$420,108","$525,027"
2014,Jemea Thomas,CB,5,9,69,192,4.55,0,0,37,125,19,Georgia Tech,5.1,206,NWE,Jemea Thomas,DB,24,2014,2,Georgia Tech,206,NE,Jemea Thomas,CB,Georgia Tech,4,"$2,312,512","$92,512","$92,512","$247,058"
2014,Logan Thomas,QB,6,6,78,248,4.61,4.18,7.05,35.5,118,0,Virginia Tech,5.4,120,ARI,Logan Thomas,QB,23,2014,2,Virginia Tech,120,ARI,Logan Thomas,QB,Virginia Tech,4,"$2,652,092","$432,092","$432,092","$528,023"
2014,Khyri Thornton,DT,6,3,75,304,5.03,0,7.83,29,112,28,Southern Miss,5,85,GNB,Khyri Thornton,DT,24,2015,3,Southern Miss,85,GB,Khyri Thornton,DT,Southern Mississippi,4,"$2,854,252","$563,252","$563,252","$443,813"
2014,Jordan Tripp,OLB,6,3,75,234,4.67,3.96,6.89,37.5,120,22,Montana,5.1,171,MIA,Jordan Tripp,LB,23,2015,21,Montana,171,"MIAfrom DEN 
via SF",Jordan Tripp,OLB,Montana,4,"$2,382,800","$162,800","$162,800","$460,700"
2014,Stephon Tuitt,DE,6,5,77,304,0,0,0,0,0,31,Notre Dame,6.2,46,PIT,Stephon Tuitt,DE,21,2015,26,Notre Dame,46,PIT,Stephon Tuitt,DE,Notre Dame,4,"$4,609,446","$1,672,324","$2,721,844","$838,081"
2014,Billy Turner,OT,6,5,77,315,5.16,4.71,7.92,28,108,25,North Dakota St.,5.2,67,MIA,Billy Turner,T,22,2015,11,North Dakota St.,67,MIAfrom OAK,Billy Turner,G,North Dakota State,4,"$3,146,500","$697,000","$697,000","$594,250"
2014,Trai Turner,OG,6,3,75,310,4.93,0,0,27.5,0,25,LSU,5.2,92,CAR,Trai Turner,OL,21,2015,25,LSU,92,CAR,Trai Turner,G,Louisiana State,4,"$2,791,176","$539,800","$539,800","$554,950"
2014,Brent Urban,DT,6,7,79,295,0,0,0,0,0,0,Virginia,5.3,134,BAL,Brent Urban,DT,23,2015,2,Virginia,134 (C),BAL,Brent Urban,DE,Virginia,4,"$2,520,584","$300,584","$300,584","$378,146"
2014,John Urschel,OG,6,3,75,313,5.31,4.47,7.55,29,102,30,Penn St.,5.6,175,BAL,John Urschel,G,23,2015,23,Penn St.,175 (C),BAL,John Urschel,G,Penn State,4,"$2,364,560","$144,560","$144,560","$456,140"
2014,Kyle Van Noy,OLB,6,3,75,243,4.71,4.2,7.22,32.5,112,21,BYU,5.6,40,DET,Kyle Van Noy,LB,24,2015,19,BYU,40,"DETfrom MIN 
via SEA",Kyle Van Noy,OLB,Brigham Young,4,"$5,102,097","$2,030,616","$2,632,534","$927,654"
2014,Brock Vereen,FS,6,0,72,199,4.47,4.07,6.9,34,117,25,Minnesota,5.4,131,CHI,Brock Vereen,DB,22,2015,19,Minnesota,131,CHIfrom DEN,Brock Vereen,S,Minnesota,4,"$2,661,878","$391,500","$391,500","$517,875"
2014,Jason Verrett,CB,5,9,69,189,4.38,4,6.69,39,128,0,TCU,5.8,25,SDG,Jason Verrett,DB,23,2015,17,TCU,25,SD,Jason Verrett,CB,Texas Christian,4,"$7,889,002","$4,057,456","$6,393,229","$1,434,364"
2014,Jimmie Ward,SS,5,11,71,193,0,0,0,0,0,9,Northern Illinois,5.1,30,SFO,Jimmie Ward,DB,23,2015,20,Northern Illinois,30,SF,Jimmie Ward,CB,Northern Illinois,4,"$7,112,534","$3,492,752","$5,302,639","$1,293,188"
2014,Jaylen Watkins,CB,5,11,71,194,4.41,0,0,0,0,22,Florida,5.3,101,PHI,Jaylen Watkins,DB,21,2015,5,Florida,101,PHIfrom HOU,Jaylen Watkins,S,Florida,4,"$2,717,028","$497,028","$497,028","$544,257"
2014,Sammy Watkins,WR,6,1,73,211,4.43,4.34,6.95,34,126,16,Clemson,7,4,BUF,Sammy Watkins,WR,21,2015,25,Clemson,4,BUFfrom CLE,Sammy Watkins,WR,Clemson,4,"$19,935,603","$12,818,620","$19,935,603","$3,624,655"
2014,Chris Watt,OG,6,3,75,310,0,0,0,0,0,29,Notre Dame,5.4,89,SDG,Chris Watt,G,24,2015,17,Notre Dame,89,SD,Chris Watt,C,Notre Dame,4,"$2,816,640","$544,140","$544,140","$556,035"
2014,Larry Webster,DE,6,6,78,252,4.58,0,7.29,36.5,123,17,Bloomsburg,5.2,136,DET,Larry Webster,DE,24,2014,0,Bloomsburg,136 (C),DET,Larry Webster,DE,Bloomsburg,4,"$2,520,584","$300,584","$300,584","$495,146"
2014,Keith Wenning,QB,6,3,75,218,5,4.25,7.07,28,100,0,Ball St.,5,194,BAL,Keith Wenning,QB,23,2014,0,Ball St.,194,BAL,Keith Wenning,QB,Ball State,4,"$2,324,072","$104,072","$104,072","$446,018"
2014,Terrance West,RB,5,9,69,225,4.54,0,0,33.5,120,16,Towson,5.4,94,CLE,Terrance West,RB,23,2015,18,Towson,94,CLEfrom SF,Terrance West,RB,Towson,4,"$2,783,400","$527,400","$527,400","$551,850"
2014,Lavelle Westbrooks,CB,5,11,71,186,4.63,4.27,6.98,36,121,15,Georgia Southern,5.3,252,CIN,Lavelle Westbrooks,DB,22,,,Georgia Southern,252 (C),CIN,Lavelle Westbrooks,CB,Georgia Southern,4,"$2,265,896","$45,896","$45,896","$314,474"
2014,James White,RB,5,9,69,204,4.57,4.2,7.05,32,114,23,Wisconsin,5,130,NWE,James White,RB,22,2015,13,Wisconsin,130,NE,James White,RB,Wisconsin,4,"$2,617,088","$397,088","$397,088","$519,272"
2014,Avery Williamson,ILB,6,1,73,246,4.66,4.07,7.11,30.5,120,25,Kentucky,4.9,151,TEN,Avery Williamson,LB,22,2015,27,Kentucky,151,TEN,Avery Williamson,ILB,Kentucky,4,"$2,414,452","$194,452","$194,452","$468,613"
2014,David Yankey,OG,6,6,78,315,5.48,4.86,7.81,28.5,103,22,Stanford,5.4,145,MIN,David Yankey,OL,22,2014,0,Stanford,145,MINfrom CLE,David Yankey,G,Stanford,4,"$2,426,900","$206,900","$206,900","$471,725"
2014,Jordan Zumwalt,ILB,6,4,76,235,4.76,4.25,6.99,33,116,0,UCLA,5.3,192,PIT,Jordan Zumwalt,LB,22,2014,0,UCLA,192,PIT,Jordan Zumwalt,ILB,California-Los Angeles,4,"$2,324,852","$104,852","$104,852","$329,213"
