Rnd,Pick,Tm,Name,Pos,Age,To,AP1 Misc,PB Misc,St,CarAV Approx Val,DrAV Approx Val,G,Cmp Passing,Att Passing,Yds Passing,TD Passing,Int Passing,Att Rushing,Yds Rushing,TD Rushing,Rec Receiving,Yds Receiving,TD Receiving,Tkl,Int,Sk,College/Univ,Source
1,1,TAM,Jameis Winston,QB,21,2015,0,0,1,,,12,221,377,2877,17,11,41,157,5,,,,,,,Florida St.,College Stats
1,2,TEN,Marcus Mariota,QB,21,2015,0,0,1,,,10,206,325,2512,19,9,31,249,2,,,,,,,Oregon,College Stats
1,3,JAX,Dante Fowler,OLB,21,,0,0,0,,,,,,,,,,,,,,,,,,Florida,College Stats
1,4,OAK,Amari Cooper,WR,21,2015,0,0,1,,,12,,,,,,3,-3,0,62,920,4,,,,Alabama,College Stats
1,5,WAS,Brandon Scherff,T,23,2015,0,0,1,,,12,,,,,,,,,,,,,,,Iowa,College Stats
1,6,NYJ,Leonard Williams,DE,21,2015,0,0,1,,,12,,,,,,,,,,,,20,,1.5,USC,College Stats
1,7,CHI,Kevin White,WR,22,,0,0,0,,,,,,,,,,,,,,,,,,West Virginia,College Stats
1,8,ATL,Vic Beasley,OLB,23,2015,0,0,1,,,12,,,,,,,,,,,,14,1,2,Clemson,College Stats
1,9,NYG,Ereck Flowers,T,21,2015,0,0,1,,,11,,,,,,,,,1,-11,0,,,,Miami (FL),College Stats
1,10,STL,Todd Gurley,RB,21,2015,0,0,0,,,10,,,,,,173,835,6,17,143,0,,,,Georgia,College Stats
1,11,MIN,Trae Waynes,CB,23,2015,0,0,0,,,11,,,,,,,,,,,,11,,,Michigan St.,College Stats
1,12,CLE,Danny Shelton,NT,22,2015,0,0,1,,,12,,,,,,,,,,,,12,,,Washington,College Stats
1,13,NOR,Andrus Peat,T,21,2015,0,0,0,,,9,,,,,,,,,,,,,,,Stanford,College Stats
1,14,MIA,DeVante Parker,WR,22,2015,0,0,0,,,11,,,,,,,,,11,192,2,,,,Louisville,College Stats
1,15,SDG,Melvin Gordon,RB,22,2015,0,0,1,,,12,,,,,,155,565,0,28,158,0,,,,Wisconsin,College Stats
1,16,HOU,Kevin Johnson,CB,23,2015,0,0,0,,,12,,,,,,,,,,,,35,1,,Wake Forest,College Stats
1,17,SFO,Arik Armstead,DT,21,2015,0,0,0,,,12,,,,,,,,,,,,8,,1,Oregon,College Stats
1,18,KAN,Marcus Peters,CB,22,2015,0,0,1,,,12,,,,,,,,,,,,46,5,,Washington,College Stats
1,19,CLE,Cameron Erving,C,23,2015,0,0,0,,,12,,,,,,,,,,,,,,,Florida St.,College Stats
1,20,PHI,Nelson Agholor,WR,22,2015,0,0,0,,,9,,,,,,,,,16,163,0,,,,USC,College Stats
1,21,CIN,Cedric Ogbuehi,T,23,2015,0,0,0,,,1,,,,,,,,,,,,,,,Texas A&M,College Stats
1,22,PIT,Bud Dupree,OLB,22,2015,0,0,0,,,12,,,,,,,,,,,,15,,4,Kentucky,College Stats
1,23,DEN,Shane Ray,DE,22,2015,0,0,0,,,10,,,,,,,,,,,,8,,3,Missouri,College Stats
1,24,ARI,D.J. Humphries,T,21,,0,0,0,,,,,,,,,,,,,,,,,,Florida,College Stats
1,25,CAR,Shaq Thompson,OLB,21,2015,0,0,0,,,10,,,,,,,,,,,,18,,1,Washington,College Stats
1,26,BAL,Breshad Perriman,WR,22,,0,0,0,,,,,,,,,,,,,,,,,,Central Florida,College Stats
1,27,DAL,Byron Jones,CB,23,2015,0,0,0,,,12,,,,,,,,,,,,32,,,Connecticut,College Stats
1,28,DET,Laken Tomlinson,G,23,2015,0,0,1,,,12,,,,,,,,,,,,,,,Duke,College Stats
1,29,IND,Phillip Dorsett,WR,22,2015,0,0,0,,,7,,,,,,1,4,0,11,167,1,,,,Miami (FL),College Stats
1,30,GNB,Damarious Randall,FS,23,2015,0,0,0,,,11,,,,,,,,,,,,38,2,,Arizona St.,
1,31,NOR,Stephone Anthony,ILB,23,2015,0,0,1,,,12,,,,,,,,,,,,56,1,1,Clemson,College Stats
1,32,NWE,Malcom Brown,DT,21,2015,0,0,0,,,12,,,,,,,,,,,,21,,3,Texas,
2,33,NYG,Landon Collins,SS,21,2015,0,0,1,,,12,,,,,,,,,,,,57,1,,Alabama,College Stats
2,34,TAM,Donovan Smith,T,22,2015,0,0,1,,,12,,,,,,,,,,,,,,,Penn St.,College Stats
2,35,OAK,Mario Edwards,DT,21,2015,0,0,0,,,12,,,,,,,,,,,,28,,2.5,Florida St.,College Stats
2,36,JAX,T.J. Yeldon,RB,21,2015,0,0,1,,,11,,,,,,171,678,2,35,278,1,,,,Alabama,College Stats
2,37,NYJ,Devin Smith,WR,23,2015,0,0,0,,,9,,,,,,,,,9,115,1,,,,Ohio St.,College Stats
2,38,WAS,Preston Smith,DE,22,2015,0,0,0,,,12,,,,,,,,,,,,13,,3,Mississippi St.,College Stats
2,39,CHI,Eddie Goldman,DT,21,2015,0,0,0,,,12,,,,,,,,,,,,15,,4.5,Florida St.,College Stats
2,40,TEN,Dorial Green-Beckham,WR,22,2015,0,0,0,,,12,,,,,,,,,21,362,3,,,,Oklahoma,College Stats
2,41,CAR,Devin Funchess,TE,21,2015,0,0,0,,,12,,,,,,,,,19,298,3,,,,Michigan,College Stats
2,42,ATL,Jalen Collins,CB,22,2015,0,0,0,,,12,,,,,,,,,,,,11,,,LSU,College Stats
2,43,HOU,Benardrick McKinney,ILB,,2015,0,0,0,,,10,,,,,,,,,,,,25,,,Mississippi St.,College Stats
2,44,NOR,Hau'oli Kikaha,OLB,23,2015,0,0,0,,,11,,,,,,,,,,,,28,,4,Washington,College Stats
2,45,MIN,Eric Kendricks,ILB,23,2015,0,0,0,,,10,,,,,,,,,,,,49,,4,UCLA,College Stats
2,46,SFO,Jaquiski Tartt,SS,23,2015,0,0,0,,,12,,,,,,,,,,,,39,,2,Samford,
2,47,PHI,Eric Rowe,CB,22,2015,0,0,0,,,12,,,,,,,,,,,,13,1,,Utah,College Stats
2,48,SDG,Denzel Perryman,ILB,21,2015,0,0,0,,,10,,,,,,,,,,,,33,,1,Miami (FL),College Stats
2,49,KAN,Mitch Morse,G,23,2015,0,0,1,,,11,,,,,,,,,,,,,,,Missouri,College Stats
2,50,BUF,Ronald Darby,CB,21,2015,0,0,1,,,12,,,,,,,,,,,,53,2,,Florida St.,College Stats
2,51,CLE,Nate Orchard,DE,22,2015,0,0,0,,,11,,,,,,,,,,,,18,,,Utah,College Stats
2,52,MIA,Jordan Phillips,NT,23,2015,0,0,0,,,11,,,,,,,,,,,,9,,2,Oklahoma,College Stats
2,53,CIN,Jake Fisher,T,22,2015,0,0,0,,,12,,,,,,,,,1,31,0,,,,Oregon,College Stats
2,54,DET,Ameer Abdullah,RB,22,2015,0,0,0,,,12,,,,,,109,414,1,16,134,1,,,,Nebraska,College Stats
2,55,BAL,Maxx Williams,TE,21,2015,0,0,0,,,10,,,,,,,,,19,168,1,,,,Minnesota,College Stats
2,56,PIT,Senquez Golson,CB,22,,0,0,0,,,,,,,,,,,,,,,,,,Mississippi,College Stats
2,57,STL,Rob Havenstein,T,,2015,0,0,0,,,9,,,,,,,,,,,,,,,Wisconsin,College Stats
2,58,ARI,Markus Golden,DE,24,2015,0,0,0,,,12,,,,,,,,,,,,14,,2.5,Missouri,College Stats
2,59,DEN,Ty Sambrailo,T,23,2015,0,0,0,,,3,,,,,,,,,,,,,,,Colorado St.,College Stats
2,60,DAL,Randy Gregory,OLB,22,2015,0,0,0,,,8,,,,,,,,,,,,5,,,Nebraska,College Stats
2,61,TAM,Ali Marpet,C,22,2015,0,0,0,,,9,,,,,,,,,,,,,,,Hobart,
2,62,GNB,Quinten Rollins,CB,23,2015,0,0,0,,,10,,,,,,,,,,,,12,2,1,Miami (OH),College Stats
2,63,SEA,Frank Clark,DE,22,2015,0,0,0,,,11,,,,,,,,,,,,11,,3,Michigan,College Stats
2,64,NWE,Jordan Richards,SS,22,2015,0,0,0,,,10,,,,,,,,,,,,7,,,Stanford,College Stats
3,65,IND,D'Joun Smith,CB,23,2015,0,0,0,,,3,,,,,,,,,,,,,,,Florida Atlantic,
3,66,TEN,Jeremiah Poutasi,G,21,2015,0,0,0,,,9,,,,,,,,,,,,,,,Utah,College Stats
3,67,JAX,A.J. Cann,G,23,2015,0,0,0,,,10,,,,,,,,,,,,,,,South Carolina,College Stats
3,68,OAK,Clive Walford,TE,23,2015,0,0,0,,,12,,,,,,,,,18,204,3,,,,Miami (FL),College Stats
3,69,SEA,Tyler Lockett,WR,23,2015,0,0,0,,,12,,,,,,3,13,0,35,436,3,,,,Kansas St.,College Stats
3,70,HOU,Jaelen Strong,WR,21,2015,0,0,0,,,6,,,,,,,,,3,58,2,,,,Arizona St.,College Stats
3,71,CHI,Hroniss Grasu,C,24,2015,0,0,0,,,5,,,,,,,,,,,,,,,Oregon,College Stats
3,72,STL,Jamon Brown,T,22,2015,0,0,0,,,9,,,,,,,,,,,,,,,Louisville,College Stats
3,73,ATL,Tevin Coleman,RB,22,2015,0,0,0,,,10,,,,,,80,354,1,2,14,0,,,,Indiana,College Stats
3,74,NYG,Owamagbe Odighizuwa,DE,23,2015,0,0,0,,,4,,,,,,,,,,,,2,,,UCLA,College Stats
3,75,NOR,Garrett Grayson,QB,24,2015,0,0,0,,,1,,,,,,,,,,,,,,,Colorado St.,College Stats
3,76,KAN,Chris Conley,WR,22,2015,0,0,0,,,12,,,,,,,,,15,177,1,,,,Georgia,College Stats
3,77,CLE,Duke Johnson,RB,22,2015,0,0,0,,,12,,,,,,75,218,0,48,440,2,,,,Miami (FL),College Stats
3,78,NOR,P.J. Williams,CB,22,,0,0,0,,,,,,,,,,,,,,,,,,Florida St.,College Stats
3,79,SFO,Eli Harold,OLB,21,2015,0,0,0,,,12,,,,,,,,,,,,2,,,Virginia,College Stats
3,80,DET,Alex Carter,CB,20,,0,0,0,,,,,,,,,,,,,,,,,,Stanford,College Stats
3,81,BUF,John Miller,G,22,2015,0,0,0,,,8,,,,,,,,,,,,,,,Louisville,College Stats
3,82,NYJ,Lorenzo Mauldin,OLB,22,2015,0,0,0,,,11,,,,,,,,,,,,5,,3,Louisville,College Stats
3,83,SDG,Craig Mager,CB,23,2015,0,0,0,,,6,,,,,,,,,,,,2,,,Texas St.,College Stats
3,84,PHI,Jordan Hicks,OLB,23,2015,0,0,0,,,8,,,,,,,,,,,,42,2,1,Texas,College Stats
3,85,CIN,Tyler Kroft,TE,22,2015,0,0,0,,,12,,,,,,,,,2,21,0,,,,Rutgers,College Stats
3,86,ARI,David Johnson,RB,23,2015,0,0,0,,,12,,,,,,57,238,4,21,262,4,,,,Northern Iowa,
3,87,PIT,Sammie Coates,WR,22,2015,0,0,0,,,7,,,,,,,,,1,11,0,,,,Auburn,College Stats
3,88,MIN,Danielle Hunter,DE,20,2015,0,0,0,,,10,,,,,,,,,,,,15,,2.5,LSU,College Stats
3,89,STL,Sean Mannion,QB,23,2015,0,0,0,,,1,6,7,31,0,0,,,,,,,,,,Oregon St.,College Stats
3,90,BAL,Carl Davis,DT,23,2015,0,0,0,,,10,,,,,,,,,,,,4,,,Iowa,College Stats
3,91,DAL,Chaz Green,T,23,,0,0,0,,,,,,,,,,,,,,,,,,Florida,College Stats
3,92,DEN,Jeff Heuerman,TE,22,,0,0,0,,,,,,,,,,,,,,,,,,Ohio St.,College Stats
3,93,IND,Henry Anderson,DE,24,2015,0,0,0,,,9,,,,,,,,,,,,19,,1,Stanford,College Stats
3,94,GNB,Ty Montgomery,WR,22,2015,0,0,0,,,6,,,,,,3,14,0,15,136,2,,,,Stanford,College Stats
3,95,WAS,Matt Jones,RB,22,2015,0,0,0,,,11,,,,,,116,400,3,16,272,1,,,,Florida,College Stats
3,96,CLE,Xavier Cooper,DT,23,2015,0,0,0,,,10,,,,,,,,,,,,7,,1,Washington St.,College Stats
3,97,NWE,Geneo Grissom,DE,23,2015,0,0,0,,,12,,,,,,,,,,,,2,,,Oklahoma,College Stats
3,98,KAN,Steven Nelson,CB,22,2015,0,0,0,,,8,,,,,,,,,,,,1,,,Oregon St.,College Stats
3,99,CIN,Paul Dawson,ILB,22,2015,0,0,0,,,8,,,,,,,,,,,,1,,,TCU,College Stats
4,100,TEN,Angelo Blackson,DT,22,2015,0,0,0,,,12,,,,,,,,,,,,6,,2,Auburn,
4,101,NWE,Trey Flowers,DE,22,2015,0,0,0,,,1,,,,,,,,,,,,,,,Arkansas,College Stats
4,102,CAR,Daryl Williams,G,23,2015,0,0,0,,,6,,,,,,,,,,,,,,,Oklahoma,College Stats
4,103,NYJ,Bryce Petty,QB,24,,0,0,0,,,,,,,,,,,,,,,,,,Baylor,College Stats
4,104,JAX,James Sample,SS,23,2015,0,0,0,,,4,,,,,,,,,,,,8,,,Louisville,College Stats
4,105,WAS,Jamison Crowder,WR,22,2015,0,0,0,,,12,0,1,0,0,0,2,2,0,48,448,1,,,,Duke,College Stats
4,106,CHI,Jeremy Langford,RB,23,2015,0,0,0,,,12,,,,,,102,357,6,18,241,1,,,,Michigan St.,College Stats
4,107,ATL,Justin Hardy,WR,23,2015,0,0,0,,,5,,,,,,,,,11,100,0,,,,East Carolina,College Stats
4,108,TEN,Jalston Fowler,FB,25,2015,0,0,0,,,12,,,,,,6,13,1,4,36,1,,,,Alabama,
4,109,IND,Clayton Geathers,SS,23,2015,0,0,0,,,11,,,,,,,,,,,,19,,,Central Florida,College Stats
4,110,MIN,T.J. Clemmings,T,23,2015,0,0,1,,,12,,,,,,,,,,,,,,,Pittsburgh,College Stats
4,111,NWE,Tre' Jackson,G,22,2015,0,0,0,,,9,,,,,,,,,,,,,,,Florida St.,College Stats
4,112,WAS,Arie Kouandjio,G,23,2015,0,0,0,,,3,,,,,,,,,,,,,,,Alabama,College Stats
4,113,DET,Gabe Wright,DT,23,2015,0,0,0,,,7,,,,,,,,,,,,5,,,Auburn,College Stats
4,114,MIA,Jamil Douglas,G,23,2015,0,0,0,,,12,,,,,,,,,,,,,,,Arizona St.,College Stats
4,115,CLE,Ibraheim Campbell,SS,23,2015,0,0,0,,,11,,,,,,,,,,,,9,,,Northwestern,College Stats
4,116,ARI,Rodney Gunter,DT,23,2015,0,0,0,,,12,,,,,,,,,,,,8,,1,Delaware St.,
4,117,SFO,Blake Bell,TE,24,2015,0,0,0,,,10,,,,,,,,,7,89,0,,,,Oklahoma,College Stats
4,118,KAN,Ramik Wilson,ILB,23,2015,0,0,0,,,7,,,,,,,,,,,,13,,,Georgia,College Stats
4,119,STL,Andrew Donnal,T,23,2015,0,0,0,,,5,,,,,,,,,,,,,,,Iowa,College Stats
4,120,CIN,Josh Shaw,CB,23,2015,0,0,0,,,11,,,,,,,,,,,,7,,,USC,College Stats
4,121,PIT,Doran Grant,CB,22,,0,0,0,,,,,,,,,,,,,,,,,,Ohio St.,College Stats
4,122,BAL,Za'Darius Smith,DE,23,2015,0,0,0,,,11,,,,,,,,,,,,13,,2,Kentucky,College Stats
4,123,CLE,Vince Mayle,WR,,2015,0,0,0,,,1,,,,,,,,,,,,,,,Washington St.,College Stats
4,124,TAM,Kwon Alexander,OLB,21,2015,0,0,1,,,12,,,,,,,,,,,,59,2,3,LSU,College Stats
4,125,BAL,Javorius Allen,RB,24,2015,0,0,0,,,12,,,,,,93,367,0,29,242,2,,,,USC,College Stats
4,126,SFO,Mike Davis,RB,22,2015,0,0,0,,,5,,,,,,25,24,0,5,23,0,,,,South Carolina,College Stats
4,127,DAL,Damien Wilson,ILB,22,2015,0,0,0,,,12,,,,,,,,,,,,4,,,Minnesota,College Stats
4,128,OAK,Jon Feliciano,G,23,2015,0,0,0,,,3,,,,,,,,,,,,,,,Miami (FL),College Stats
4,129,GNB,Jake Ryan,OLB,23,2015,0,0,0,,,10,,,,,,,,,,,,13,,,Michigan,College Stats
4,130,SEA,Terry Poole,G,23,,0,0,0,,,,,,,,,,,,,,,,,,San Diego St.,College Stats
4,131,NWE,Shaq Mason,C,22,2015,0,0,0,,,10,,,,,,,,,,,,,,,Georgia Tech,
4,132,SFO,DeAndre Smelter,WR,23,,0,0,0,,,,,,,,,,,,,,,,,,Georgia Tech,
4,133,DEN,Max Garcia,C,,2015,0,0,0,,,11,,,,,,,,,,,,,,,Florida,College Stats
4,134,SEA,Mark Glowinski,G,23,2015,0,0,0,,,5,,,,,,,,,,,,,,,West Virginia,College Stats
4,135,CIN,Marcus Hardison,DE,23,,0,0,0,,,,,,,,,,,,,,,,,,Arizona St.,College Stats
4,136,BAL,Tray Walker,CB,23,2015,0,0,0,,,6,,,,,,,,,,,,1,,,Texas Southern,
5,137,ATL,Grady Jarrett,NT,22,2015,0,0,0,,,12,,,,,,,,,,,,11,,1,Clemson,College Stats
5,138,TEN,David Cobb,RB,22,2015,0,0,0,,,3,,,,,,20,45,0,,,,,,,Minnesota,College Stats
5,139,JAX,Rashad Greene,WR,23,2015,0,0,0,,,5,,,,,,,,,15,69,2,,,,Florida St.,College Stats
5,140,OAK,Ben Heeney,ILB,22,2015,0,0,0,,,11,,,,,,,,,,,,8,,1.5,Kansas,College Stats
5,141,WAS,Martrell Spaight,OLB,22,2015,0,0,0,,,1,,,,,,,,,,,,,,,Arkansas,College Stats
5,142,CHI,Adrian Amos,FS,22,2015,0,0,1,,,12,,,,,,,,,,,,44,,1,Penn St.,College Stats
5,143,MIN,MyCole Pruitt,TE,23,2015,0,0,0,,,12,,,,,,,,,8,53,0,,,,Southern Illinois,
5,144,NYG,Mykkele Thompson,S,,,0,0,0,,,,,,,,,,,,,,,,,,Texas,
5,145,MIA,Bobby McCain,CB,22,2015,0,0,0,,,12,,,,,,,,,,,,14,,,Memphis,College Stats
5,146,MIN,Stefon Diggs,WR,21,2015,0,0,0,,,9,,,,,,3,13,0,42,626,2,,,,Maryland,College Stats
5,147,GNB,Brett Hundley,QB,22,,0,0,0,,,,,,,,,,,,,,,,,,UCLA,College Stats
5,148,NOR,Davis Tull,OLB,23,,0,0,0,,,,,,,,,,,,,,,,,,Tenn-Chattanooga,
5,149,MIA,Jay Ajayi,RB,22,2015,0,0,0,,,5,,,,,,22,120,0,6,75,0,,,,Boise St.,College Stats
5,150,MIA,Cedric Thompson,FS,22,,0,0,0,,,,,,,,,,,,,,,,,,Minnesota,
5,151,IND,David Parry,NT,23,2015,0,0,1,,,12,,,,,,,,,,,,10,,1,Stanford,
5,152,NYJ,Jarvis Harrison,G,23,,0,0,0,,,,,,,,,,,,,,,,,,Texas A&M,College Stats
5,153,SDG,Kyle Emanuel,OLB,24,2015,0,0,0,,,12,,,,,,,,,,,,8,1,1,North Dakota St.,
5,154,NOR,Tyeler Davison,DT,23,2015,0,0,0,,,12,,,,,,,,,,,,6,,1.5,Fresno St.,College Stats
5,155,BUF,Karlos Williams,RB,22,2015,0,0,0,,,8,,,,,,66,376,5,6,72,2,,,,Florida St.,College Stats
5,156,MIA,Tony Lippett,WR,23,2015,0,0,0,,,5,,,,,,,,,,,,1,,,Michigan St.,College Stats
5,157,CIN,C.J. Uzomah,TE,22,2015,0,0,0,,,1,,,,,,,,,1,4,0,,,,Auburn,College Stats
5,158,ARI,Shaquille Riddick,DE,22,,0,0,0,,,,,,,,,,,,,,,,,,West Virginia,College Stats
5,159,ARI,JJ Nelson,WR,23,2015,0,0,0,,,7,,,,,,1,0,0,11,299,2,,,,Ala-Birmingham,
5,160,PIT,Jesse James,TE,21,2015,0,0,0,,,4,,,,,,,,,7,53,1,,,,Penn St.,College Stats
5,161,OAK,Neiron Ball,OLB,23,2015,0,0,0,,,6,,,,,,,,,,,,4,,1,Florida,College Stats
5,162,TAM,Kenny Bell,WR,23,,0,0,0,,,,,,,,,,,,,,,,,,Nebraska,College Stats
5,163,DAL,Ryan Russell,DE,23,2015,0,0,0,,,1,,,,,,,,,,,,,,,Purdue,College Stats
5,164,DEN,Lorenzo Doss,CB,21,2015,0,0,0,,,4,,,,,,,,,,,,,,,Tulane,College Stats
5,165,SFO,Bradley Pinion,P,21,2015,0,0,0,,,12,,,,,,,,,,,,,,,Clemson,College Stats
5,166,NWE,Joe Cardona,LS,23,2015,0,0,0,,,12,,,,,,,,,,,,,,,Navy,College Stats
5,167,NOR,Damian Swann,CB,22,2015,0,0,0,,,6,,,,,,,,,,,,16,,,Georgia,College Stats
5,168,DET,Michael Burton,FB,23,2015,0,0,0,,,12,,,,,,4,2,0,2,9,0,,,,Rutgers,College Stats
5,169,CAR,David Mayo,LB,,2015,0,0,0,,,11,,,,,,,,,,,,1,,,Texas St.,College Stats
5,170,SEA,Tye Smith,CB,22,2015,0,0,0,,,2,,,,,,,,,,,,,,,Towson,
5,171,BAL,Nick Boyle,TE,22,2015,0,0,0,,,11,,,,,,,,,18,153,0,,,,Delaware,
5,172,KAN,D.J. Alexander,OLB,24,2015,0,0,0,,,12,,,,,,,,,,,,1,,,Oregon St.,
5,173,KAN,James O'Shaughnessy,TE,23,2015,0,0,0,,,7,,,,,,,,,6,87,0,,,,Illinois St.,
5,174,CAR,Cameron Artis-Payne,RB,25,2015,0,0,0,,,4,,,,,,12,31,0,,,,,,,Auburn,College Stats
5,175,HOU,Keith Mumphery,WR,23,2015,0,0,0,,,12,,,,,,,,,14,129,0,,,,Michigan St.,
5,176,BAL,Robert Myers,G,23,,0,0,0,,,,,,,,,,,,,,,,,,Tennessee St.,
6,177,TEN,Deiontrez Mount,OLB,22,2015,0,0,0,,,4,,,,,,,,,,,,,1,,Louisville,
6,178,NWE,Matthew Wells,LB,24,,0,0,0,,,,,,,,,,,,,,,,,,Mississippi St.,
6,179,OAK,Max Valles,OLB,21,,0,0,0,,,,,,,,,,,,,,,,,,Virginia,College Stats
6,180,JAX,Michael Bennett,DT,22,2015,0,0,0,,,9,,,,,,,,,,,,3,,0.5,Ohio St.,College Stats
6,181,WAS,Kyshoen Jarrett,SS,22,2015,0,0,0,,,12,,,,,,,,,,,,26,,,Virginia Tech,College Stats
6,182,WAS,Tevin Mitchel,CB,23,,0,0,0,,,,,,,,,,,,,,,,,,Arkansas,
6,183,CHI,Tayo Fabuluje,T,24,2015,0,0,0,,,4,,,,,,,,,,,,,,,TCU,College Stats
6,184,TAM,Kaelin Clay,WR,23,2015,0,0,0,,,3,,,,,,,,,,,,,,,Utah,College Stats
6,185,MIN,Tyrus Thompson,T,23,,0,0,0,,,,,,,,,,,,,,,,,,Oklahoma,College Stats
6,186,NYG,Geremy Davis,WR,23,2015,0,0,0,,,10,,,,,,,,,2,21,0,,,,Connecticut,College Stats
6,187,WAS,Evan Spencer,WR,,,0,0,0,,,,,,,,,,,,,,,,,,Ohio St.,College Stats
6,188,BUF,Tony Steward,OLB,23,2015,0,0,0,,,7,,,,,,,,,,,,1,,,Clemson,
6,189,CLE,Charles Gaines,CB,22,2015,0,0,0,,,3,,,,,,,,,,,,6,,,Louisville,College Stats
6,190,SFO,Ian Silberman,G,22,2015,0,0,0,,,1,,,,,,,,,,,,,,,Boston Col.,
6,191,PHI,JaCorey Shepherd,CB,,,0,0,0,,,,,,,,,,,,,,,,,,Kansas,College Stats
6,192,SDG,Darius Philon,DT,21,2015,0,0,0,,,4,,,,,,,,,,,,2,,,Arkansas,College Stats
6,193,MIN,B.J. Dubose,DE,23,,0,0,0,,,,,,,,,,,,,,,,,,Louisville,College Stats
6,194,BUF,Nick O'Leary,TE,23,,0,0,0,,,,,,,,,,,,,,,,,,Florida St.,College Stats
6,195,CLE,Malcolm Johnson,TE,23,2015,0,0,0,,,12,,,,,,,,,4,15,0,,,,Mississippi St.,College Stats
6,196,PHI,Randall Evans,CB,23,,0,0,0,,,,,,,,,,,,,,,,,,Kansas St.,College Stats
6,197,CIN,Derron Smith,FS,23,2015,0,0,0,,,12,,,,,,,,,,,,,,,Fresno St.,College Stats
6,198,CLE,Randall Telfer,TE,23,,0,0,0,,,,,,,,,,,,,,,,,,USC,College Stats
6,199,PIT,Leterrius Walton,DT,23,2015,0,0,0,,,6,,,,,,,,,,,,,,,Central Michigan,College Stats
6,200,DET,Quandre Diggs,CB,23,2015,0,0,0,,,12,,,,,,,,,,,,18,,,Texas,College Stats
6,201,STL,Bud Sasser,WR,,,0,0,0,,,,,,,,,,,,,,,,,,Missouri,College Stats
6,202,NWE,A.J. Derby,TE,24,,0,0,0,,,,,,,,,,,,,,,,,,Arkansas,
6,203,DEN,Darius Kilgo,NT,23,2015,0,0,0,,,8,,,,,,,,,,,,5,,,Maryland,College Stats
6,204,BAL,Darren Waller,WR,23,2015,0,0,0,,,6,,,,,,,,,2,18,0,,,,Georgia Tech,College Stats
6,205,IND,Josh Robinson,RB,23,2015,0,0,0,,,5,,,,,,17,39,0,6,33,0,,,,Mississippi St.,College Stats
6,206,GNB,Aaron Ripkowski,FB,22,2015,0,0,0,,,11,,,,,,,,,1,18,0,,,,Oklahoma,College Stats
6,207,IND,Amarlo Herrera,ILB,24,2015,0,0,0,,,1,,,,,,,,,,,,,,,Georgia,College Stats
6,208,TEN,Andy Gallik,C,24,2015,0,0,0,,,9,,,,,,,,,,,,,,,Boston Col.,College Stats
6,209,SEA,Obum Gwacham,DE,24,2015,0,0,0,,,5,,,,,,,,,,,,1,,1.5,Oregon St.,College Stats
6,210,GNB,Christian Ringo,DE,23,,0,0,0,,,,,,,,,,,,,,,,,,La-Lafayette,College Stats
6,211,HOU,Reshard Cliett,OLB,23,,0,0,0,,,,,,,,,,,,,,,,,,South Florida,College Stats
6,212,PIT,Anthony Chickillo,DE,22,2015,0,0,0,,,6,,,,,,,,,,,,,,,Miami (FL),College Stats
6,213,GNB,Kennard Backman,TE,22,2015,0,0,0,,,5,,,,,,,,,,,,,,,Ala-Birmingham,College Stats
6,214,SEA,Kristjan Sokoli,DT,24,,0,0,0,,,,,,,,,,,,,,,,,,Buffalo,
6,215,STL,Cody Wichmann,G,23,2015,0,0,0,,,8,,,,,,,,,,,,,,,Fresno St.,College Stats
6,216,HOU,Christian Covington,DT,21,2015,0,0,0,,,12,,,,,,,,,,,,4,,1,Rice,College Stats
6,217,KAN,Rakeem Nunez-Roches,DT,22,2015,0,0,0,,,7,,,,,,,,,,,,4,,,Southern Miss,College Stats
7,218,OAK,Anthony Morris,OL,23,,0,0,0,,,,,,,,,,,,,,,,,,Tennessee St.,
7,219,CLE,Hayes Pullard,ILB,,2015,0,0,0,,,4,,,,,,,,,,,,,,,USC,College Stats
7,220,JAX,Neal Sterling,WR,23,2015,0,0,0,,,5,,,,,,,,,,,,,,,Monmouth,
7,221,OAK,Andre Debose,WR,,,0,0,0,,,,,,,,,,,,,,,,,,Florida,
7,222,WAS,Austin Reiter,C,,,0,0,0,,,,,,,,,,,,,,,,,,South Florida,
7,223,NYJ,Deon Simon,NT,25,,0,0,0,,,,,,,,,,,,,,,,,,NW State (LA),
7,224,STL,Bryce Hager,ILB,23,2015,0,0,0,,,12,,,,,,,,,,,,,,,Baylor,College Stats
7,225,ATL,Jake Rodgers,T,,,0,0,0,,,,,,,,,,,,,,,,,,East. Washington,
7,226,NYG,Bobby Hart,G,21,2015,0,0,0,,,5,,,,,,,,,,,,,,,Florida St.,College Stats
7,227,STL,Martin Ifedi,DE,24,,0,0,0,,,,,,,,,,,,,,,,,,Memphis,College Stats
7,228,MIN,Austin Shepherd,T,23,2015,0,0,0,,,10,,,,,,,,,,,,,,,Alabama,College Stats
7,229,JAX,Ben Koyack,TE,22,,0,0,0,,,,,,,,,,,,,,,,,,Notre Dame,College Stats
7,230,NOR,Marcus Murphy,RB,23,2015,0,0,0,,,12,,,,,,,,,,,,,,,Missouri,College Stats
7,231,TAM,Joey Iosefa,FB,24,,0,0,0,,,,,,,,,,,,,,,,,,Hawaii,College Stats
7,232,MIN,Edmond Robinson,OLB,23,2015,0,0,0,,,5,,,,,,,,,,,,,,,Newberry,
7,233,KAN,Da'Ron Brown,WR,23,,0,0,0,,,,,,,,,,,,,,,,,,Northern Illinois,
7,234,BUF,Dezmin Lewis,WR,22,,0,0,0,,,,,,,,,,,,,,,,,,Central Arkansas,
7,235,HOU,Kenny Hilliard,RB,23,,0,0,0,,,,,,,,,,,,,,,,,,LSU,College Stats
7,236,DAL,Mark Nzeocha,OLB,25,,0,0,0,,,,,,,,,,,,,,,,,,Wyoming,College Stats
7,237,PHI,Brian Mihalik,DE,23,,0,0,0,,,,,,,,,,,,,,,,,,Boston Col.,College Stats
7,238,CIN,Mario Alford,WR,23,2015,0,0,0,,,1,,,,,,,,,1,15,0,,,,West Virginia,College Stats
7,239,PIT,Gerod Holliman,FS,21,,0,0,0,,,,,,,,,,,,,,,,,,Louisville,College Stats
7,240,DET,Corey Robinson,T,23,2015,0,0,0,,,1,,,,,,,,,,,,,,,South Carolina,College Stats
7,241,CLE,Ifo Ekpre-Olomu,CB,22,,0,0,0,,,,,,,,,,,,,,,,,,Oregon,College Stats
7,242,OAK,Dexter McDonald,CB,23,2015,0,0,0,,,3,,,,,,,,,,,,,,,Kansas,
7,243,DAL,Laurence Gibson,T,24,,0,0,0,,,,,,,,,,,,,,,,,,Virginia Tech,College Stats
7,244,SFO,Trenton Brown,G,22,2015,0,0,0,,,3,,,,,,,,,,,,,,,Florida,College Stats
7,245,TEN,Tre McBride,WR,22,2015,0,0,0,,,3,,,,,,,,,,,,,,,William & Mary,
7,246,DAL,Geoff Swaim,TE,24,2015,0,0,0,,,2,,,,,,,,,1,0,0,,,,Texas,
7,247,NWE,Darryl Roberts,CB,24,,0,0,0,,,,,,,,,,,,,,,,,,Marshall,
7,248,SEA,Ryan Murphy,DB,22,,0,0,0,,,,,,,,,,,,,,,,,,Oregon St.,College Stats
7,249,ATL,Akeem King,DB,22,2015,0,0,0,,,4,,,,,,,,,,,,,,,San Jose St.,
7,250,DEN,Trevor Siemian,QB,22,,0,0,0,,,,,,,,,,,,,,,,,,Northwestern,
7,251,DEN,Taurean Nixon,DB,,,0,0,0,,,,,,,,,,,,,,,,,,Tulane,
7,252,DEN,Josh Furman,DB,,,0,0,0,,,,,,,,,,,,,,,,,,Oklahoma St.,
7,253,NWE,Xzavier Dickson,OLB,,,0,0,0,,,,,,,,,,,,,,,,,,Alabama,College Stats
7,254,SFO,Rory 'Busta' Anderson,TE,22,,0,0,0,,,,,,,,,,,,,,,,,,South Carolina,
7,255,IND,Denzell Goode,T,24,2015,0,0,0,,,2,,,,,,,,,,,,,,,Mars Hill,
7,256,ARI,Gerald Christian,TE,24,,0,0,0,,,,,,,,,,,,,,,,,,Louisville,College Stats
1,1,HOU,Jadeveon Clowney,DE,21,2015,0,0,0,1,1,14,,,,,,,,,,,,26,,2.5,South Carolina,College Stats
1,2,STL,Greg Robinson,T,21,2015,0,0,2,6,6,28,,,,,,,,,,,,2,,,Auburn,College Stats
1,3,JAX,Blake Bortles,QB,22,2015,0,0,2,5,5,26,552,946,6182,38,30,95,663,0,,,,2,,,Central Florida,College Stats
1,4,BUF,Sammy Watkins,WR,21,2015,0,0,1,8,8,25,,,,,,2,8,0,99,1617,12,3,,,Clemson,College Stats
1,5,OAK,Khalil Mack,LB,23,2015,0,0,2,7,7,28,,,,,,,,,,,,99,,13,Buffalo,College Stats
1,6,ATL,Jake Matthews,T,22,2015,0,0,2,8,8,27,,,,,,,,,,,,1,,,Texas A&M,College Stats
1,7,TAM,Mike Evans,WR,21,2015,0,0,2,7,7,26,,,,,,,,,122,1901,15,4,,,Texas A&M,College Stats
1,8,CLE,Justin Gilbert,DB,22,2015,0,0,0,2,2,22,,,,,,,,,,,,29,1,,Oklahoma St.,College Stats
1,9,MIN,Anthony Barr,LB,22,2015,0,0,2,7,7,24,,,,,,,,,,,,106,1,6.5,UCLA,College Stats
1,10,DET,Eric Ebron,TE,21,2015,0,0,0,2,2,23,,,,,,,,,56,605,5,,,,North Carolina,College Stats
1,11,TEN,Taylor Lewan,T,23,2015,0,0,1,3,3,23,,,,,,,,,,,,,,,Michigan,College Stats
1,12,NYG,Odell Beckham,WR,21,2015,0,1,2,11,11,24,0,1,0,0,0,8,38,0,169,2459,22,3,,,LSU,College Stats
1,13,STL,Aaron Donald,DT,23,2015,0,1,2,11,11,28,,,,,,,,,,,,69,,17,Pittsburgh,College Stats
1,14,CHI,Kyle Fuller,DB,22,2015,0,0,2,5,5,28,,,,,,,,,,,,86,5,,Virginia Tech,College Stats
1,15,PIT,Ryan Shazier,LB,22,2015,0,0,0,2,2,17,,,,,,,,,,,,67,,3,Ohio St.,College Stats
1,16,DAL,Zack Martin,G,23,2015,1,1,2,14,14,28,,,,,,,,,,,,1,,,Notre Dame,College Stats
1,17,BAL,C.J. Mosley,LB,22,2015,0,1,2,13,13,28,,,,,,,,,,,,157,2,6,Alabama,College Stats
1,18,NYJ,Calvin Pryor,DB,22,2015,0,0,1,5,5,25,,,,,,,,,,,,75,1,0.5,Louisville,College Stats
1,19,MIA,Ja'Wuan James,T,22,2015,0,0,1,9,9,23,,,,,,,,,,,,1,,,Tennessee,College Stats
1,20,NOR,Brandin Cooks,WR,21,2015,0,0,1,5,5,22,,,,,,11,81,1,114,1390,10,2,,,Oregon St.,College Stats
1,21,GNB,Ha Ha Clinton-Dix,DB,21,2015,0,0,2,4,4,28,,,,,,,,,,,,143,3,3,Alabama,College Stats
1,22,CLE,Johnny Manziel,QB,21,2015,0,0,0,1,1,12,94,163,1108,5,4,26,119,1,,,,,,,Texas A&M,College Stats
1,23,KAN,Dee Ford,LB,23,2015,0,0,0,1,1,26,,,,,,,,,,,,12,,1.5,Auburn,College Stats
1,24,CIN,Darqueze Dennard,DB,22,2015,0,0,0,1,1,24,,,,,,,,,,,,28,1,1,Michigan St.,College Stats
1,25,SDG,Jason Verrett,DB,23,2015,0,0,1,2,2,17,,,,,,,,,,,,47,3,,TCU,College Stats
1,26,PHI,Marcus Smith,LB,22,2015,0,0,0,0,0,17,,,,,,,,,,,,,,,Louisville,College Stats
1,27,ARI,Deone Bucannon,DB,22,2015,0,0,1,4,4,28,,,,,,,,,,,,133,,4,Washington St.,College Stats
1,28,CAR,Kelvin Benjamin,WR,23,2014,0,0,1,8,8,16,,,,,,,,,73,1008,9,2,,,Florida St.,College Stats
1,29,NWE,Dominique Easley,DT,22,2015,0,0,0,2,2,21,,,,,,,,,,,,14,1,2,Florida,College Stats
1,30,SFO,Jimmie Ward,DB,23,2015,0,0,0,1,1,20,,,,,,,,,,,,47,1,,Northern Illinois,College Stats
1,31,DEN,Bradley Roby,DB,22,2015,0,0,0,2,2,28,,,,,,,,,,,,86,3,1,Ohio St.,College Stats
1,32,MIN,Teddy Bridgewater,QB,21,2015,0,0,2,9,9,25,484,749,5317,22,20,82,367,3,,,,1,,,Louisville,College Stats
2,33,HOU,Xavier Su'a-Filo,G,23,2015,0,0,0,1,1,20,,,,,,,,,,,,,,,UCLA,College Stats
2,34,DAL,Demarcus Lawrence,DE,22,2015,0,0,0,1,1,19,,,,,,,,,,,,30,,5,Boise St.,College Stats
2,35,CLE,Joel Bitonio,G,22,2015,0,0,2,6,6,26,,,,,,,,,,,,2,,,Nevada,College Stats
2,36,OAK,Derek Carr,QB,23,2015,0,0,2,5,5,28,619,1025,6448,47,21,48,150,0,,,,1,,,Fresno St.,College Stats
2,37,ATL,Ra'Shede Hageman,DT,24,2015,0,0,0,1,1,28,,,,,,,,,,,,25,,2,Minnesota,College Stats
2,38,TAM,Austin Seferian-Jenkins,TE,22,2015,0,0,1,2,2,12,,,,,,,,,31,391,4,1,,,Washington,College Stats
2,39,JAX,Marqise Lee,WR,22,2015,0,0,1,3,3,19,,,,,,7,38,0,43,490,1,2,,,USC,College Stats
2,40,DET,Kyle Van Noy,LB,24,2015,0,0,0,1,1,19,,,,,,,,,,,,9,,1,BYU,College Stats
2,41,STL,Lamarcus Joyner,DB,23,2015,0,0,0,1,1,22,,,,,,,,,,,,78,,3,Florida St.,College Stats
2,42,PHI,Jordan Matthews,WR,22,2015,0,0,1,6,6,28,,,,,,,,,128,1533,12,,,,Vanderbilt,College Stats
2,43,NYG,Weston Richburg,OL,23,2015,0,0,2,8,8,27,,,,,,,,,,,,,,,Colorado St.,College Stats
2,44,BUF,Cyrus Kouandjio,T,21,2015,0,0,0,0,0,9,,,,,,,,,,,,,,,Alabama,College Stats
2,45,SEA,Paul Richardson,WR,22,2015,0,0,0,3,3,16,,,,,,,,,30,311,1,1,,,Colorado,College Stats
2,46,PIT,Stephon Tuitt,DE,21,2015,0,0,1,3,3,26,,,,,,,,,,,,40,,5.5,Notre Dame,College Stats
2,47,WAS,Trent Murphy,LB,23,2015,0,0,2,4,4,27,,,,,,,,,,,,31,,5,Stanford,College Stats
2,48,BAL,Timmy Jernigan,DT,22,2015,0,0,0,2,2,23,,,,,,,,,,,,23,,7,Florida St.,College Stats
2,49,NYJ,Jace Amaro,TE,22,2014,0,0,0,3,3,14,,,,,,,,,38,345,2,,,,Texas Tech,College Stats
2,50,SDG,Jeremiah Attaochu,LB,21,2015,0,0,0,1,1,22,,,,,,,,,,,,38,,6.5,Georgia Tech,College Stats
2,51,CHI,Ego Ferguson,DT,23,2015,0,0,0,1,1,20,,,,,,,,,,,,13,,2,LSU,College Stats
2,52,ARI,Troy Niklas,TE,22,2015,0,0,0,0,0,19,,,,,,,,,6,63,2,2,,,Notre Dame,College Stats
2,53,GNB,Davante Adams,WR,21,2015,0,0,1,5,5,25,,,,,,,,,74,789,4,1,,,Fresno St.,College Stats
2,54,TEN,Bishop Sankey,RB,22,2015,0,0,1,4,4,26,,,,,,193,735,3,26,206,1,1,,,Washington,College Stats
2,55,CIN,Jeremy Hill,RB,21,2015,0,0,2,10,10,28,,,,,,384,1712,17,36,269,1,5,,,LSU,College Stats
2,56,DEN,Cody Latimer,WR,21,2015,0,0,0,0,0,19,,,,,,1,5,0,8,82,1,,,,Indiana,College Stats
2,57,SFO,Carlos Hyde,RB,23,2015,0,0,0,2,2,21,,,,,,198,803,7,23,121,0,,,,Ohio St.,College Stats
2,58,NOR,Stanley Jean-Baptiste,DB,24,2014,0,0,0,0,0,4,,,,,,,,,,,,,,,Nebraska,College Stats
2,59,IND,Jack Mewhort,T,23,2015,0,0,2,8,8,26,,,,,,,,,,,,2,,,Ohio St.,College Stats
2,60,CAR,Kony Ealy,DE,22,2015,0,0,0,1,1,27,,,,,,,,,,,,20,,9,Missouri,College Stats
2,61,JAX,Allen Robinson,WR,21,2015,0,0,2,3,3,22,,,,,,,,,113,1628,13,2,,,Penn St.,College Stats
2,62,NWE,Jimmy Garoppolo,QB,22,2015,0,0,0,1,1,10,19,27,182,1,0,15,4,0,,,,,,,East. Illinois,
2,63,MIA,Jarvis Landry,WR,21,2015,0,0,2,7,7,28,1,1,9,0,0,16,101,1,163,1581,9,4,,,LSU,College Stats
2,64,SEA,Justin Britt,T,23,2015,0,0,2,9,9,28,,,,,,,,,,,,,,,Missouri,College Stats
3,65,HOU,C.J. Fiedorowicz,TE,22,2015,0,0,2,0,0,27,,,,,,,,,18,175,2,1,,,Iowa,College Stats
3,66,WAS,Morgan Moses,OL,23,2015,0,0,1,1,1,20,,,,,,,,,,,,1,,,Virginia,College Stats
3,67,MIA,Billy Turner,T,22,2015,0,0,0,0,0,11,,,,,,,,,,,,,,,North Dakota St.,
3,68,ATL,Dezmen Southward,DB,23,2015,0,0,0,1,1,19,,,,,,,,,,,,17,1,1,Wisconsin,College Stats
3,69,TAM,Charles Sims,RB,24,2015,0,0,0,2,2,20,,,,,,153,594,1,49,519,3,1,,,West Virginia,College Stats
3,70,SFO,Marcus Martin,C,20,2015,0,0,2,4,4,20,,,,,,,,,,,,1,,,USC,College Stats
3,71,CLE,Christian Kirksey,LB,22,2015,0,0,1,5,5,28,,,,,,,,,,,,76,,4,Iowa,College Stats
3,72,MIN,Scott Crichton,DE,22,2015,0,0,0,1,1,20,,,,,,,,,,,,5,,,Oregon St.,College Stats
3,73,BUF,Preston Brown,LB,21,2015,0,0,2,8,8,28,,,,,,,,,,,,116,3,,Louisville,College Stats
3,74,NYG,Jay Bromley,DT,22,2015,0,0,0,1,1,20,,,,,,,,,,,,15,,,Syracuse,College Stats
3,75,STL,Tre Mason,RB,21,2015,0,0,1,5,5,21,,,,,,226,905,4,31,232,1,1,,,Auburn,College Stats
3,76,DET,Travis Swanson,C,23,2015,0,0,1,3,3,27,,,,,,,,,,,,1,,,Arkansas,College Stats
3,77,SFO,Chris Borland,LB,23,2014,0,0,1,6,6,14,,,,,,,,,,,,84,2,1,Wisconsin,College Stats
3,78,WAS,Spencer Long,G,23,2015,0,0,0,0,0,14,,,,,,,,,,,,1,,,Nebraska,College Stats
3,79,BAL,Terrence Brooks,DB,23,2015,0,0,0,1,1,19,,,,,,,,,,,,22,,,Florida St.,College Stats
3,80,NYJ,Dexter McDougle,DB,23,2015,0,0,0,0,0,11,,,,,,,,,,,,1,,,Maryland,College Stats
3,81,OAK,Gabe Jackson,G,23,2015,0,0,2,4,4,25,,,,,,,,,2,-5,0,,,,Mississippi St.,College Stats
3,82,CHI,Will Sutton,DT,22,2015,0,0,0,2,2,24,,,,,,,,,,,,24,,,Arizona St.,College Stats
3,83,HOU,Louis Nix,DT,23,2015,0,0,0,0,0,4,,,,,,,,,,,,,,,Notre Dame,College Stats
3,84,ARI,Kareem Martin,DE,22,2015,0,0,0,2,2,23,,,,,,,,,,,,9,,1.5,North Carolina,College Stats
3,85,GNB,Khyri Thornton,DT,24,2015,0,0,0,0,0,3,,,,,,,,,,,,2,,,Southern Miss,College Stats
3,86,PHI,Josh Huff,WR,22,2015,0,0,0,2,2,23,,,,,,1,7,0,28,322,3,2,,,Oregon,College Stats
3,87,KAN,Phillip Gaines,DB,23,2015,0,0,0,2,2,16,,,,,,,,,,,,25,,,Rice,College Stats
3,88,CIN,Will Clarke,DE,23,2015,0,0,0,1,1,18,,,,,,,,,,,,5,,0.5,West Virginia,College Stats
3,89,SDG,Chris Watt,G,24,2015,0,0,0,3,3,17,,,,,,,,,,,,1,,,Notre Dame,College Stats
3,90,IND,Donte Moncrief,WR,21,2015,0,0,0,4,4,28,,,,,,4,17,0,85,1061,8,3,,,Mississippi,College Stats
3,91,ARI,John Brown,WR,24,2015,0,0,0,5,5,27,,,,,,6,16,0,99,1513,9,3,,,Pittsburg St.,
3,92,CAR,Trai Turner,OL,21,2015,0,0,2,5,5,25,,,,,,,,,,,,1,,,LSU,College Stats
3,93,JAX,Brandon Linder,OL,22,2015,0,0,1,5,5,18,,,,,,,,,,,,,,,Miami (FL),College Stats
3,94,CLE,Terrance West,RB,23,2015,0,0,0,4,4,18,,,,,,202,792,4,12,69,1,1,,,Towson,
3,95,DEN,Michael Schofield,OL,23,2015,0,0,0,0,0,9,,,,,,,,,,,,,,,Michigan,College Stats
3,96,MIN,Jerick McKinnon,RB,22,2015,0,0,0,4,4,23,,,,,,147,695,0,38,183,0,1,,,Georgia Southern,
3,97,PIT,Dri Archer,WR,23,2015,0,0,0,0,0,20,,,,,,10,40,0,7,23,0,,,,Kent St.,College Stats
3,98,GNB,Richard Rodgers,TE,22,2015,0,0,1,3,3,28,,,,,,1,11,0,68,664,8,1,,,California,College Stats
3,99,BAL,Crockett Gillmore,TE,22,2015,0,0,1,1,1,25,,,,,,,,,43,533,5,1,,,Colorado St.,College Stats
3,100,SFO,Brandon Thomas,OL,23,2014,0,0,0,0,0,0,,,,,,,,,,,,,,,Clemson,College Stats
4,101,PHI,Jaylen Watkins,DB,21,2015,0,0,0,0,0,5,,,,,,,,,,,,3,,,Florida,College Stats
4,102,WAS,Bashaud Breeland,DB,22,2015,0,0,1,6,6,27,,,,,,,,,,,,103,4,,Clemson,College Stats
4,103,ATL,Devonta Freeman,RB,22,2015,0,0,0,4,4,27,,,,,,246,1059,10,88,701,3,3,,,Florida St.,College Stats
4,104,NYJ,Jalen Saunders,WR,22,2014,0,0,0,0,0,15,,,,,,,,,1,7,0,1,,,Oklahoma,College Stats
4,105,NWE,Bryan Stork,C,23,2015,0,0,1,7,7,18,,,,,,,,,,,,,,,Florida St.,College Stats
4,106,SFO,Bruce Ellington,WR,23,2015,0,0,0,1,1,22,,,,,,7,35,1,15,116,2,1,,,South Carolina,College Stats
4,107,OAK,Justin Ellis,DT,23,2015,0,0,1,6,6,24,,,,,,,,,,,,26,,,Louisiana Tech,College Stats
4,108,SEA,Cassius Marsh,DE,22,2015,0,0,0,0,0,17,,,,,,,,,,,,12,,,UCLA,College Stats
4,109,BUF,Ross Cockrell,DB,23,2015,0,0,0,0,0,18,,,,,,,,,,,,30,2,,Duke,College Stats
4,110,STL,Maurice Alexander,DB,23,2015,0,0,0,1,1,19,,,,,,,,,,,,9,,2,Utah St.,College Stats
4,111,CIN,Russell Bodine,C,22,2015,0,0,2,7,7,28,,,,,,,,,,,,,,,North Carolina,College Stats
4,112,TEN,DaQuan Jones,DT,22,2015,0,0,1,1,1,19,,,,,,,,,,,,23,,1,Penn St.,College Stats
4,113,NYG,Andre Williams,RB,22,2015,0,0,0,4,4,28,,,,,,288,923,8,19,137,0,1,,,Boston Col.,College Stats
4,114,JAX,Aaron Colvin,DB,22,2015,0,0,1,1,1,18,,,,,,,,,,,,69,,4,Oklahoma,College Stats
4,115,NYJ,Shaquelle Evans,WR,23,2014,0,0,0,0,0,0,,,,,,,,,,,,,,,UCLA,College Stats
4,116,OAK,Keith McGill,DB,25,2015,0,0,0,1,1,21,,,,,,,,,,,,9,,,Utah,College Stats
4,117,CHI,Ka'Deem Carey,RB,21,2015,0,0,0,1,1,20,,,,,,71,291,1,5,57,0,,,,Arizona,College Stats
4,118,PIT,Martavis Bryant,WR,22,2015,0,0,0,5,5,17,,,,,,6,44,1,57,1172,14,,,,Clemson,College Stats
4,119,DAL,Anthony Hitchens,LB,22,2015,0,0,1,6,6,28,,,,,,,,,,,,92,1,2,Iowa,College Stats
4,120,ARI,Logan Thomas,QB,23,2014,0,0,0,0,0,2,1,9,81,1,0,,,,,,,,,,Virginia Tech,College Stats
4,121,GNB,Carl Bradford,LB,22,2014,0,0,0,0,0,0,,,,,,,,,,,,,,,Arizona St.,College Stats
4,122,TEN,Marqueston Huff,DB,22,2015,0,0,0,2,2,26,,,,,,,,,,,,11,1,1,Wyoming,College Stats
4,123,SEA,Kevin Norwood,WR,25,2015,0,0,0,1,1,10,,,,,,,,,9,102,0,2,,,Alabama,College Stats
4,124,KAN,De'Anthony Thomas,RB,21,2015,0,0,0,3,3,22,,,,,,23,147,2,40,296,1,,,,Oregon,College Stats
4,125,MIA,Walt Aikens,DB,23,2015,0,0,0,1,1,27,,,,,,,,,,,,29,1,,Liberty,
4,126,NOR,Khairi Fortt,LB,22,2014,0,0,0,0,0,3,,,,,,,,,,,,1,,,California,College Stats
4,127,CLE,Pierre Desir,DB,24,2015,0,0,0,1,1,16,,,,,,,,,,,,31,,,Lindenwood,
4,128,CAR,Tre Boston,DB,22,2015,0,0,0,3,3,23,,,,,,,,,,,,34,1,,North Carolina,College Stats
4,129,SFO,Dontae Johnson,DB,22,2015,0,0,0,3,3,28,,,,,,,,,,,,40,1,,North Carolina St.,College Stats
4,130,NWE,James White,RB,22,2015,0,0,0,1,1,13,,,,,,24,77,1,27,233,2,,,,Wisconsin,College Stats
4,131,CHI,Brock Vereen,DB,22,2015,0,0,0,2,2,19,,,,,,,,,,,,30,1,,Minnesota,College Stats
4,132,SEA,Kevin Pierre-Louis,LB,22,2015,0,0,0,1,1,17,,,,,,,,,,,,13,,,Boston Col.,College Stats
4,133,DET,Nevin Lawson,DB,23,2015,0,0,0,0,0,12,,,,,,,,,,,,24,,,Utah St.,College Stats
4,134,BAL,Brent Urban,DT,23,2015,0,0,0,0,0,2,,,,,,,,,,,,1,,,Virginia,College Stats
4,135,HOU,Tom Savage,QB,24,2014,0,0,0,0,0,2,10,19,127,0,1,6,-6,0,,,,,,,Pittsburgh,College Stats
4,136,DET,Larry Webster,DE,24,2014,0,0,0,0,0,0,,,,,,,,,,,,,,,Bloomsburg,
4,137,NYJ,Dakota Dozier,OL,23,2015,0,0,0,0,0,4,,,,,,,,,,,,,,,Furman,
4,138,BAL,Lorenzo Taliaferro,RB,22,2015,0,0,0,3,3,16,,,,,,81,339,5,13,143,0,3,,,Coastal Carolina,
4,139,ATL,Prince Shembo,LB,22,2014,0,0,0,2,2,16,,,,,,,,,,,,32,,,Notre Dame,College Stats
4,140,NWE,Cameron Fleming,T,22,2015,0,0,0,2,2,15,,,,,,,,,,,,,,,Stanford,College Stats
5,141,PHI,Taylor Hart,DE,23,2015,0,0,0,0,0,10,,,,,,,,,,,,6,,,Oregon,College Stats
5,142,WAS,Ryan Grant,WR,23,2015,0,0,0,0,0,28,,,,,,,,,25,281,1,1,,,Tulane,College Stats
5,143,TAM,Kadeem Edwards,OL,23,2014,0,0,0,0,0,0,,,,,,,,,,,,,,,Tennessee St.,
5,144,JAX,Telvin Smith,LB,23,2015,0,0,2,6,6,28,,,,,,,,,,,,157,2,4.5,Florida St.,
5,145,MIN,David Yankey,OL,22,2014,0,0,0,0,0,0,,,,,,,,,,,,,,,Stanford,College Stats
5,146,DAL,Devin Street,WR,23,2015,0,0,0,0,0,27,,,,,,,,,8,121,1,,,,Pittsburgh,College Stats
5,147,ATL,Ricardo Allen,DB,22,2015,0,0,1,0,0,11,,,,,,,,,,,,48,3,1,Purdue,College Stats
5,148,CAR,Bene Benwikere,DB,23,2015,0,0,0,3,3,22,,,,,,,,,,,,65,1,1,San Jose St.,College Stats
5,149,TAM,Kevin Pamphile,T,23,2015,0,0,0,1,1,19,,,,,,,,,,,,,,,Purdue,
5,150,SFO,Aaron Lynch,DE,21,2015,0,0,1,3,3,28,,,,,,,,,,,,46,,12.5,South Florida,College Stats
5,151,TEN,Avery Williamson,LB,22,2015,0,0,2,6,6,27,,,,,,,,,,,,95,1,6.5,Kentucky,College Stats
5,152,NYG,Nat Berhe,DB,23,2014,0,0,0,1,1,16,,,,,,,,,,,,11,,,San Diego St.,College Stats
5,153,BUF,Cyril Richardson,G,23,2014,0,0,0,2,2,12,,,,,,,,,,,,,,,Baylor,College Stats
5,154,NYJ,Jeremiah George,LB,22,2015,0,0,0,0,,18,,,,,,,,,,,,4,,,Iowa St.,College Stats
5,155,MIA,Arthur Lynch,TE,24,2014,0,0,0,0,0,0,,,,,,,,,,,,,,,Georgia,College Stats
5,156,DEN,Lamin Barrow,LB,23,2015,0,0,0,1,1,28,,,,,,,,,,,,6,,,LSU,College Stats
5,157,PIT,Shaquille Richardson,DB,22,2014,0,0,0,0,0,0,,,,,,,,,,,,,,,Arizona,College Stats
5,158,DET,Caraun Reid,DT,22,2015,0,0,0,1,1,22,,,,,,,,,,,,19,,2,Princeton,
5,159,JAX,Chris Smith,DE,22,2015,0,0,0,1,1,11,,,,,,,,,,,,9,,3.5,Arkansas,College Stats
5,160,ARI,Ed Stinson,DE,24,2015,0,0,0,2,2,21,,,,,,,,,,,,12,,,Alabama,College Stats
5,161,GNB,Corey Linsley,C,23,2015,0,0,2,10,10,27,,,,,,,,,,,,3,,,Ohio St.,College Stats
5,162,PHI,Ed Reynolds,DB,22,2015,0,0,0,0,0,2,,,,,,,,,,,,5,,,Stanford,College Stats
5,163,KAN,Aaron Murray,QB,23,2014,0,0,0,0,0,0,,,,,,,,,,,,,,,Georgia,College Stats
5,164,CIN,A.J. McCarron,QB,24,2015,0,0,0,0,0,3,3,4,22,0,0,2,-2,0,,,,,,,Alabama,College Stats
5,165,SDG,Ryan Carrethers,DT,23,2015,0,0,0,1,1,16,,,,,,,,,,,,24,,,Arkansas St.,College Stats
5,166,IND,Jonathan Newsome,LB,23,2015,0,0,0,2,2,26,,,,,,,,,,,,29,,7.5,Ball St.,College Stats
5,167,NOR,Vinnie Sunseri,DB,22,2014,0,0,0,0,0,9,,,,,,,,,,,,3,,,Alabama,College Stats
5,168,ATL,Marquis Spruill,LB,23,2014,0,0,0,0,0,0,,,,,,,,,,,,,,,Syracuse,
5,169,NOR,Ronald Powell,LB,23,2014,0,0,0,1,1,14,,,,,,,,,,,,1,,,Florida,College Stats
5,170,SFO,Keith Reaser,DB,23,2015,0,0,0,0,0,10,,,,,,,,,,,,3,,,Florida Atlantic,College Stats
5,171,MIA,Jordan Tripp,LB,23,2015,0,0,0,1,1,21,,,,,,,,,,,,3,,,Montana,
5,172,SEA,Jimmy Staten,DT,23,2014,0,0,0,0,0,0,,,,,,,,,,,,,,,Middle Tenn. St.,
5,173,PIT,Wesley Johnson,OL,23,2015,0,0,0,0,0,8,,,,,,,,,1,-5,0,,,,Vanderbilt,
5,174,NYG,Devon Kennard,DE,23,2015,0,0,0,4,4,21,,,,,,,,,,,,72,1,4.5,USC,College Stats
5,175,BAL,John Urschel,G,23,2015,0,0,0,2,2,23,,,,,,,,,,,,1,,,Penn St.,College Stats
5,176,GNB,Jared Abbrederis,WR,23,2015,0,0,0,0,0,5,,,,,,,,,5,73,0,,,,Wisconsin,College Stats
6,177,HOU,Jeoffrey Pagan,DE,21,2015,0,0,0,1,1,21,,,,,,,,,,,,5,,,Alabama,College Stats
6,178,TEN,Zach Mettenberger,QB,23,2015,0,0,0,3,3,11,156,253,1833,9,10,10,3,0,,,,,,,LSU,College Stats
6,179,NWE,Jon Halapio,OL,23,2014,0,0,0,0,,0,,,,,,,,,,,,,,,Florida,College Stats
6,180,SFO,Kenneth Acker,DB,22,2015,0,0,1,0,0,11,,,,,,,,,,,,42,3,,SMU,
6,181,HOU,Alfred Blue,RB,23,2015,0,0,0,4,4,27,,,,,,296,972,4,28,215,2,3,,,LSU,College Stats
6,182,MIN,Antone Exum,DB,23,2015,0,0,0,1,1,26,,,,,,,,,,,,14,,,Virginia Tech,College Stats
6,183,CHI,David Fales,QB,23,2014,0,0,0,0,0,0,,,,,,,,,,,,,,,San Jose St.,College Stats
6,184,MIN,Kendall James,DB,23,2014,0,0,0,0,,0,,,,,,,,,,,,,,,Maine,
6,185,TAM,Robert Herron,WR,22,2014,0,0,0,0,0,8,,,,,,1,0,0,6,58,1,1,,,Wyoming,College Stats
6,186,WAS,Lache Seastrunk,RB,23,2014,0,0,0,0,,0,,,,,,,,,,,,,,,Baylor,College Stats
6,187,NYG,Bennett Jackson,DB,23,2014,0,0,0,0,0,0,,,,,,,,,,,,,,,Notre Dame,College Stats
6,188,STL,E.J. Gaines,DB,22,2014,0,0,1,7,7,15,,,,,,,,,,,,63,2,,Missouri,College Stats
6,189,DET,T.J. Jones,WR,22,2015,0,0,0,0,0,6,,,,,,1,-3,0,3,48,0,,,,Notre Dame,
6,190,MIA,Matt Hazel,WR,22,2015,0,0,0,0,0,1,,,,,,,,,,,,,,,Coastal Carolina,
6,191,CHI,Pat O'Donnell,P,23,2015,0,0,0,2,2,27,,,,,,1,-12,0,,,,2,,,Miami (FL),College Stats
6,192,PIT,Jordan Zumwalt,LB,22,2014,0,0,0,0,0,0,,,,,,,,,,,,,,,UCLA,College Stats
6,193,KAN,Zach Fulton,G,23,2015,0,0,1,8,8,28,,,,,,,,,,,,,,,Tennessee,College Stats
6,194,BAL,Keith Wenning,QB,23,2014,0,0,0,0,0,0,,,,,,,,,,,,,,,Ball St.,College Stats
6,195,NYJ,Brandon Dixon,DB,24,2014,0,0,0,1,,14,,,,,,,,,,,,8,1,,NW Missouri St.,
6,196,ARI,Walt Powell,WR,22,2014,0,0,0,0,,4,,,,,,,,,,,,,,,Murray St.,
6,197,GNB,Demetri Goodson,DB,25,2015,0,0,0,0,0,16,,,,,,,,,,,,8,,,Baylor,College Stats
6,198,NWE,Zach Moore,DE,24,2014,0,0,0,1,1,8,,,,,,,,,,,,,,0.5,Concordia-St.Paul (MN),
6,199,SEA,Garrett Scott,OL,22,2014,0,0,0,0,0,0,,,,,,,,,,,,,,,Marshall,College Stats
6,200,KAN,Laurent Duvernay-Tardif,OL,23,2015,0,0,0,0,0,12,,,,,,,,,,,,,,,McGill,
6,201,SDG,Marion Grice,RB,23,2014,0,0,0,0,,10,0,1,0,0,0,15,41,1,7,29,0,,,,Arizona St.,College Stats
6,202,NOR,Tavon Rooks,OL,24,2014,0,0,0,0,0,0,,,,,,,,,,,,,,,Kansas St.,
6,203,IND,Andrew Jackson,LB,22,2014,0,0,0,1,1,13,,,,,,,,,,,,10,,1,West. Kentucky,College Stats
6,204,CAR,Tyler Gaffney,RB,23,2014,0,0,0,0,,0,,,,,,,,,,,,,,,Stanford,College Stats
6,205,JAX,Luke Bowanko,C,23,2015,0,0,1,5,5,20,,,,,,,,,,,,1,,,Virginia,
6,206,NWE,Jemea Thomas,DB,24,2014,0,0,0,0,,2,,,,,,,,,,,,,,,Georgia Tech,
6,207,DEN,Matt Paradis,OL,24,2015,0,0,1,0,0,12,,,,,,,,,,,,,,,Boise St.,College Stats
6,208,SEA,Eric Pinkins,DB,23,2015,0,0,0,0,0,2,,,,,,,,,,,,,,,San Diego St.,
6,209,NYJ,Quincy Enunwa,WR,22,2015,0,0,0,0,0,9,,,,,,,,,14,182,0,,,,Nebraska,College Stats
6,210,NYJ,IK Enemkpali,DT,23,2015,0,0,0,0,0,13,,,,,,,,,,,,7,,,Louisiana Tech,College Stats
6,211,HOU,Jay Prosch,FB,22,2015,0,0,0,0,0,28,,,,,,5,31,0,1,24,0,1,,,Auburn,College Stats
6,212,CIN,Marquis Flowers,LB,22,2014,0,0,0,2,2,16,,,,,,,,,,,,7,,,Arizona,College Stats
6,213,NYJ,Tajh Boyd,QB,24,,0,0,0,,,,,,,,,,,,,,,,,,Clemson,College Stats
6,214,STL,Garrett Gilbert,QB,23,2014,0,0,0,0,0,0,,,,,,,,,,,,,,,SMU,College Stats
6,215,PIT,Daniel McCullers,DT,22,2015,0,0,0,1,1,17,,,,,,,,,,,,4,,,Tennessee,College Stats
7,216,HOU,Andre Hal,DB,22,2015,0,0,0,1,1,26,,,,,,,,,,,,37,3,,Vanderbilt,College Stats
7,217,WAS,Ted Bolser,TE,23,2014,0,0,0,0,0,0,,,,,,,,,,,,,,,Indiana,College Stats
7,218,BAL,Michael Campanaro,WR,23,2015,0,0,0,1,1,8,,,,,,2,17,1,12,137,1,,,,Wake Forest,College Stats
7,219,OAK,Travis Carrie,DB,24,2015,0,0,1,2,2,24,,,,,,,,,,,,66,1,,Ohio,College Stats
7,220,MIN,Shamar Stephen,DT,23,2015,0,0,0,3,3,21,,,,,,,,,,,,15,,,Connecticut,College Stats
7,221,BUF,Randell Johnson,LB,23,2015,0,0,0,1,1,13,,,,,,,,,,,,1,,,Florida Atlantic,
7,222,JAX,Storm Johnson,RB,22,2014,0,0,0,0,0,6,,,,,,29,86,2,1,-4,0,,,,Central Florida,College Stats
7,223,MIN,Brandon Watts,LB,23,2015,0,0,0,0,0,8,,,,,,,,,,,,3,,,Georgia Tech,
7,224,PHI,Beau Allen,DT,22,2015,0,0,0,1,1,28,,,,,,,,,,,,16,,0.5,Wisconsin,College Stats
7,225,MIN,Jabari Price,DB,22,2014,0,0,0,1,1,14,,,,,,,,,,,,9,,,North Carolina,College Stats
7,226,STL,Mitchell Van Dyk,OL,23,,0,0,0,,,,,,,,,,,,,,,,,,Portland St.,
7,227,SEA,Kiero Small,RB,25,2014,0,0,0,0,,3,,,,,,,,,,,,,,,Arkansas,
7,228,WAS,Zach Hocker,K,23,2015,0,0,0,,,8,,,,,,,,,,,,,,,Arkansas,College Stats
7,229,DET,Nate Freese,K,24,2014,0,0,0,-1,-1,3,,,,,,,,,,,,,,,Boston Col.,College Stats
7,230,PIT,Rob Blanchflower,TE,24,2014,0,0,0,0,0,0,,,,,,,,,,,,,,,Massachusetts,College Stats
7,231,DAL,Ben Gardner,DE,24,2014,0,0,0,0,0,0,,,,,,,,,,,,,,,Stanford,College Stats
7,232,IND,Ulrick John,OL,22,2014,0,0,0,0,0,0,,,,,,,,,,,,,,,Georgia St.,
7,233,NYJ,Trevor Reilly,LB,26,2015,0,0,0,1,1,25,,,,,,,,,,,,10,,1,Utah,College Stats
7,234,MIA,Terrence Fede,DE,22,2015,0,0,0,1,1,23,,,,,,,,,,,,18,,1,Marist,
7,235,OAK,Shelby Harris,DE,23,2015,0,0,0,0,0,5,,,,,,,,,,,,3,,,Illinois St.,
7,236,GNB,Jeff Janis,WR,23,2015,0,0,0,0,0,15,,,,,,,,,4,95,0,,,,Saginaw Valley St.,
7,237,BUF,Seantrel Henderson,OL,22,2015,0,0,2,7,7,26,,,,,,,,,,,,,,,Miami (FL),College Stats
7,238,DAL,Will Smith,LB,22,2014,0,0,0,0,0,0,,,,,,,,,,,,,,,Texas Tech,
7,239,CIN,James Wright,WR,22,2014,0,0,0,1,1,11,,,,,,3,30,0,5,91,0,6,,,LSU,
7,240,SDG,Tevin Reese,WR,23,2014,0,0,0,0,,0,,,,,,,,,,,,,,,Baylor,College Stats
7,241,STL,C.B. Bryant,DB,22,2015,0,0,0,0,0,5,,,,,,,,,,,,,,,Ohio St.,
7,242,DEN,Corey Nelson,LB,22,2015,0,0,0,1,1,28,,,,,,,,,,,,17,,1,Oklahoma,
7,243,SFO,Kaleb Ramsey,DE,25,2014,0,0,0,0,0,0,,,,,,,,,,,,,,,Boston Col.,
7,244,NWE,Jeremy Gallon,WR,24,,0,0,0,,,,,,,,,,,,,,,,,,Michigan,College Stats
7,245,SFO,Trey Millard,FB,23,2014,0,0,0,0,0,0,,,,,,,,,,,,,,,Oklahoma,College Stats
7,246,CHI,Charles Leno,T,22,2015,0,0,0,1,1,18,,,,,,,,,,,,,,,Boise St.,College Stats
7,247,OAK,Jonathan Dowling,DB,22,2014,0,0,0,0,0,7,,,,,,,,,,,,4,,,West. Kentucky,College Stats
7,248,DAL,Ahmad Dixon,DB,23,2014,0,0,0,0,,11,,,,,,,,,,,,2,,,Baylor,College Stats
7,249,STL,Michael Sam,DE,24,2014,0,0,0,0,,0,,,,,,,,,,,,,,,Missouri,College Stats
7,250,STL,Demetrius Rhaney,OL,22,2015,0,0,0,0,0,12,,,,,,,,,,,,,,,Tennessee St.,
7,251,DAL,Ken Bishop,DT,24,2015,0,0,0,0,0,5,,,,,,,,,,,,4,,,Northern Illinois,College Stats
7,252,CIN,Lavelle Westbrooks,DB,22,,0,0,0,,,,,,,,,,,,,,,,,,Georgia Southern,
7,253,ATL,Yawin Smallwood,LB,22,2014,0,0,0,0,,0,,,,,,,,,,,,,,,Connecticut,College Stats
7,254,DAL,Terrance Mitchell,DB,22,2015,0,0,0,0,,5,,,,,,,,,,,,1,,,Oregon,College Stats
7,255,ATL,Tyler Starr,LB,23,2014,0,0,0,0,0,0,,,,,,,,,,,,,,,South Dakota,
7,256,HOU,Lonnie Ballentine,DB,21,2015,0,0,0,0,0,2,,,,,,,,,,,,3,,,Memphis,
